"ais_1","ais_2","ais_3","ais_4","ais_5","ais_6","ais_7","ais_8","ais_9","ais_10","ais_11","ais_12"
1,1,1,2,2,2,2,2,2,2,2,2
1,1,1,2,2,2,2,2,2,2,2,2
1,1,1,2,2,2,2,2,2,2,2,2
1,1,1,2,2,2,2,2,2,2,2,2
1,1,1,2,2,2,2,2,2,2,2,2
1,1,1,2,2,2,2,2,2,2,2,2
1,1,1,2,2,2,2,2,2,2,2,2
1,1,1,2,2,2,2,2,2,2,2,2
1,1,1,2,2,2,2,2,2,2,2,2
1,1,1,2,2,2,2,2,2,2,2,2
1,1,1,2,2,2,2,2,2,2,2,2
1,1,1,2,2,2,2,2,2,2,2,2
1,1,1,2,2,2,2,2,2,2,2,2
1,1,1,2,2,2,2,2,2,2,2,2
1,1,1,2,2,2,2,2,2,2,2,2
1,1,1,2,2,2,2,2,2,2,2,2
1,1,1,2,2,2,2,2,2,2,2,2
1,1,1,2,2,2,2,2,2,2,2,2
1,1,1,2,2,2,2,2,2,2,2,2
1,1,1,2,2,2,2,2,2,2,2,2
1,1,1,2,2,2,2,2,2,2,2,2
1,1,1,2,2,2,2,2,2,2,2,2
1,1,1,2,2,2,2,2,2,2,2,2
1,1,1,2,2,2,2,2,2,2,2,2
1,1,1,2,2,2,2,2,2,2,2,2
1,1,1,2,2,2,2,2,2,2,2,2
1,1,1,2,2,2,2,2,2,2,2,2
1,1,1,2,2,2,2,2,2,2,2,2
1,1,1,2,2,2,2,2,2,2,2,2
1,1,1,2,2,2,2,2,2,2,2,2
1,1,1,2,2,2,2,2,2,2,2,2
1,1,1,2,2,2,2,2,2,2,2,2
1,1,1,2,2,2,2,2,2,2,2,2
1,1,1,2,2,2,2,2,2,2,2,2
1,1,1,2,2,2,2,2,2,2,2,2
1,1,1,2,2,2,2,2,2,2,2,2
1,1,1,2,2,2,2,2,2,2,2,2
1,1,1,2,2,2,2,2,2,2,2,2
1,1,1,2,2,2,2,2,2,2,2,2
1,1,1,2,2,2,2,2,2,2,2,2
1,1,1,2,2,2,2,2,2,2,2,2
1,1,1,2,2,2,2,2,2,2,2,2
1,1,1,2,2,2,2,2,2,2,2,2
1,1,1,2,2,2,2,2,2,2,2,2
1,1,1,2,2,2,2,2,2,2,2,2
1,1,1,2,2,2,2,2,2,2,2,2
1,1,1,2,2,2,2,2,2,2,2,2
1,1,1,2,2,2,2,2,2,2,2,2
1,1,1,2,2,2,2,2,2,2,2,2
1,1,1,2,2,2,2,2,2,2,2,2
1,1,1,2,2,2,2,2,2,2,2,2
1,1,1,2,2,2,2,2,2,2,2,2
1,1,1,2,2,2,2,2,2,2,2,2
1,1,1,2,2,2,2,2,2,2,2,2
1,1,1,2,2,2,2,2,2,2,2,2
1,1,1,2,2,2,2,2,2,2,2,2
1,1,1,2,2,2,2,2,2,2,2,2
1,1,1,2,2,2,2,2,2,2,2,2
1,1,1,2,2,2,2,2,2,2,2,2
1,1,1,2,2,2,2,2,2,2,2,2
1,1,1,2,2,2,2,2,2,2,2,2
1,1,1,2,2,2,2,2,2,2,2,2
1,1,1,2,2,2,2,2,2,2,2,2
1,1,1,2,2,2,2,2,2,2,2,2
1,1,1,2,2,2,2,2,2,2,2,2
1,1,1,2,2,2,2,2,2,2,2,2
1,1,1,2,2,2,2,2,2,2,2,2
1,1,1,2,2,2,2,2,2,2,2,2
1,1,1,2,2,2,2,2,2,2,2,2
1,1,1,2,2,2,2,2,2,2,2,2
1,1,1,2,2,2,2,2,2,2,2,2
1,1,1,2,2,2,2,2,2,2,2,2
1,1,1,2,2,2,2,2,2,2,2,2
1,1,1,2,2,2,2,2,2,2,2,2
1,1,1,2,2,2,2,2,2,2,2,2
1,1,1,2,2,2,2,2,2,2,2,2
1,1,1,2,2,2,2,2,2,2,2,2
1,1,1,2,2,2,2,2,2,2,2,2
1,1,1,2,2,2,2,2,2,2,2,2
1,1,1,2,2,2,2,2,2,2,2,2
1,1,1,2,2,2,2,2,2,2,2,2
1,1,1,2,2,2,2,2,2,2,2,2
1,1,1,2,2,2,2,2,2,2,2,2
1,1,1,2,2,2,2,2,2,2,2,2
1,1,1,2,2,2,2,2,2,2,2,2
1,1,1,2,2,2,2,2,2,2,2,2
1,1,1,2,2,2,2,2,2,2,2,2
1,1,1,2,2,2,2,2,2,2,2,2
1,1,1,2,2,2,2,2,2,2,2,2
1,1,1,2,2,2,2,2,2,2,2,2
1,1,1,2,2,2,2,2,2,2,2,2
1,1,1,2,2,2,2,2,2,2,2,2
1,1,1,2,2,2,2,2,2,2,2,2
1,1,1,2,2,2,2,2,2,2,2,2
1,1,1,2,2,2,2,2,2,2,2,2
1,1,1,2,2,2,2,2,2,2,2,2
1,1,1,2,2,2,2,2,2,2,2,2
1,1,1,2,2,2,2,2,2,2,2,2
1,1,1,2,2,2,2,2,2,2,2,2
1,1,1,2,2,2,2,2,2,2,2,2
1,1,1,2,2,2,2,2,2,2,2,2
1,1,1,2,2,2,2,2,2,2,2,2
1,1,1,2,2,2,2,2,2,2,2,2
1,1,1,2,2,2,2,2,2,2,2,2
1,1,1,2,2,2,2,2,2,2,2,2
1,1,1,2,2,2,2,2,2,2,2,2
1,1,1,2,2,2,2,2,2,2,2,2
1,1,1,2,2,2,2,2,2,2,2,2
1,1,1,2,2,2,2,2,2,2,2,2
1,1,1,2,2,2,2,2,2,2,2,2
1,1,1,2,2,2,2,2,2,2,2,2
1,1,1,2,2,2,2,2,2,2,2,2
1,1,1,2,2,2,2,2,2,2,2,2
1,1,1,2,2,2,2,2,2,2,2,2
1,1,1,2,2,2,2,2,2,2,2,2
1,1,1,2,2,2,2,2,2,2,2,2
1,1,1,2,2,2,2,2,2,2,2,2
1,1,1,2,2,2,2,2,2,2,2,2
1,1,1,2,2,2,2,2,2,2,2,2
1,1,1,2,2,2,2,2,2,2,2,2
1,1,1,2,2,2,2,2,2,2,2,2
1,1,1,2,2,2,2,2,2,2,2,2
1,1,1,2,2,2,2,2,2,2,2,2
1,1,1,2,2,2,2,2,2,2,2,2
1,1,1,2,2,2,2,2,2,2,2,2
1,1,1,2,2,2,2,2,2,2,2,2
1,1,1,2,2,2,2,2,2,2,2,2
1,1,1,2,2,2,2,2,2,2,2,2
1,1,1,2,2,2,2,2,2,2,2,2
1,1,1,2,2,2,2,2,2,2,2,2
1,1,1,2,2,2,2,2,2,2,2,2
1,1,1,2,2,2,2,2,2,2,2,2
1,1,1,2,2,2,2,2,2,2,2,2
1,1,1,2,2,2,2,2,2,2,2,2
1,1,1,2,2,2,2,2,2,2,2,2
1,1,1,2,2,2,2,2,2,2,2,2
1,1,1,2,2,2,2,2,2,2,2,2
1,1,1,2,2,2,2,2,2,2,2,2
1,1,1,2,2,2,2,2,2,2,2,2
1,1,1,2,2,2,2,2,2,2,2,2
1,1,1,2,2,2,2,2,2,2,2,2
1,1,1,2,2,2,2,2,2,2,2,2
1,1,1,2,2,2,2,2,2,2,2,2
1,1,1,2,2,2,2,2,2,2,2,2
1,1,1,2,2,2,2,2,2,2,2,2
1,1,1,2,2,2,2,2,2,2,2,2
1,1,1,2,2,2,2,2,2,2,2,2
1,1,1,2,2,2,2,2,2,2,2,2
1,1,1,2,2,2,2,2,2,2,2,2
1,1,1,2,2,2,2,2,2,2,2,2
1,1,1,2,2,2,2,2,2,2,2,2
1,1,1,2,2,2,2,2,2,2,2,2
1,1,1,2,2,2,2,2,2,2,2,2
1,1,1,2,2,2,2,2,2,2,2,2
1,1,1,2,2,2,2,2,2,2,2,2
1,1,1,2,2,2,2,2,2,2,2,2
1,1,1,2,2,2,2,2,2,2,2,2
1,1,1,2,2,2,2,2,2,2,2,2
1,1,1,2,2,2,2,2,2,2,2,2
1,1,1,2,2,2,2,2,2,2,2,2
1,1,1,2,2,2,2,2,2,2,2,2
1,1,1,2,2,2,2,2,2,2,2,2
1,1,1,2,2,2,2,2,2,2,2,2
1,1,1,2,2,2,2,2,2,2,2,2
1,1,1,2,2,2,2,2,2,2,2,2
1,1,1,2,2,2,2,2,2,2,2,2
1,1,1,2,2,2,2,2,2,2,2,2
1,1,1,2,2,2,2,2,2,2,2,2
1,1,1,2,2,2,2,2,2,2,2,2
1,1,1,2,2,2,2,2,2,2,2,2
1,1,1,2,2,2,2,2,2,2,2,2
1,1,1,2,2,2,2,2,2,2,2,2
1,1,1,2,2,2,2,2,2,2,2,2
1,1,1,2,2,2,2,2,2,2,2,2
1,1,1,2,2,2,2,2,2,2,2,2
1,1,1,2,2,2,2,2,2,2,2,2
1,1,1,2,2,2,2,2,2,2,2,2
1,1,1,2,2,2,2,2,2,2,2,2
1,1,1,2,2,2,2,2,2,2,2,2
1,1,1,2,2,2,2,2,2,2,2,2
1,1,1,2,2,2,2,2,2,2,2,2
1,1,1,2,2,2,2,2,2,2,2,2
1,1,1,2,2,2,2,2,2,2,2,2
1,1,1,2,2,2,2,2,2,2,2,2
1,1,1,2,2,2,2,2,2,2,2,2
1,1,1,2,2,2,2,2,2,2,2,2
1,1,1,2,2,2,2,2,2,2,2,2
1,1,1,2,2,2,2,2,2,2,2,2
1,1,1,2,2,2,2,2,2,2,2,2
1,1,1,2,2,2,2,2,2,2,2,2
1,1,1,2,2,2,2,2,2,2,2,2
1,1,1,2,2,2,2,2,2,2,2,2
1,1,1,2,2,2,2,2,2,2,2,2
1,1,1,2,2,2,2,2,2,2,2,2
1,1,1,2,2,2,2,2,2,2,2,2
1,1,1,2,2,2,2,2,2,2,2,2
1,1,1,2,2,2,2,2,2,2,2,2
1,1,1,2,2,2,2,2,2,2,2,2
1,1,1,2,2,2,2,2,2,2,2,2
1,1,1,2,2,2,2,2,2,2,2,2
1,1,1,2,2,2,2,2,2,2,2,2
1,1,1,2,2,2,2,2,2,2,2,2
1,1,1,2,2,2,2,2,2,2,2,2
1,1,1,2,2,2,2,2,2,2,2,2
1,1,1,2,2,2,2,2,2,2,2,2
1,1,1,2,2,2,2,2,2,2,2,2
1,1,1,2,2,2,2,2,2,2,2,2
1,1,1,2,2,2,2,2,2,2,2,2
1,1,1,2,2,2,2,2,2,2,2,2
1,1,1,2,2,2,2,2,2,2,2,2
1,1,1,2,2,2,2,2,2,2,2,2
1,1,1,2,2,2,2,2,2,2,2,2
1,1,1,2,2,2,2,2,2,2,2,2
1,1,1,2,2,2,2,2,2,2,2,2
1,1,1,2,2,2,2,2,2,2,2,2
1,1,1,2,2,2,2,2,2,2,2,2
1,1,1,2,2,2,2,2,2,2,2,2
1,1,1,2,2,2,2,2,2,2,2,2
1,1,1,2,2,2,2,2,2,2,2,2
1,1,1,2,2,2,2,2,2,2,2,2
1,1,1,2,2,2,2,2,2,2,2,2
1,1,1,2,2,2,2,2,2,2,2,2
1,1,1,2,2,2,2,2,2,2,2,2
1,1,1,2,2,2,2,2,2,2,2,2
1,1,1,2,2,2,2,2,2,2,2,2
1,1,1,2,2,2,2,2,2,2,2,2
1,1,1,2,2,2,2,2,2,2,2,2
1,1,1,2,2,2,2,2,2,2,2,2
1,1,1,2,2,2,2,2,2,2,2,2
1,1,1,2,2,2,2,2,2,2,2,2
1,1,1,2,2,2,2,2,2,2,2,2
1,1,1,2,2,2,2,2,2,2,2,2
1,1,1,2,2,2,2,2,2,2,2,2
1,1,1,2,2,2,2,2,2,2,2,2
1,1,1,2,2,2,2,2,2,2,2,2
1,1,1,2,2,2,2,2,2,2,2,2
1,1,1,2,2,2,2,2,2,2,2,2
1,1,1,2,2,2,2,2,2,2,2,2
1,1,1,2,2,2,2,2,2,2,2,2
1,1,1,2,2,2,2,2,2,2,2,2
1,1,1,2,2,2,2,2,2,2,2,2
1,1,1,2,2,2,2,2,2,2,2,2
1,1,1,2,2,2,2,2,2,2,2,2
1,1,1,2,2,2,2,2,2,2,2,2
1,1,1,2,2,2,2,2,2,2,2,2
1,1,1,2,2,2,2,2,2,2,2,2
1,1,1,2,2,2,2,2,2,2,2,2
1,1,1,2,2,2,2,2,2,2,2,2
1,1,1,2,2,2,2,2,2,2,2,2
1,1,1,2,2,2,2,2,2,2,2,2
1,1,1,2,2,2,2,2,2,2,2,2
1,1,1,2,2,2,2,2,2,2,2,2
1,1,1,2,2,2,2,2,2,2,2,2
1,1,1,2,2,2,2,2,2,2,2,2
1,1,1,2,2,2,2,2,2,2,2,2
1,1,1,2,2,2,2,2,2,2,2,2
1,1,1,2,2,2,2,2,2,2,2,2
1,1,1,2,2,2,2,2,2,2,2,2
1,1,1,2,2,2,2,2,2,2,2,2
1,1,1,2,2,2,2,2,2,2,2,2
1,1,1,2,2,2,2,2,2,2,2,2
1,1,1,2,2,2,2,2,2,2,2,2
1,1,1,2,2,2,2,2,2,2,2,2
1,1,1,2,2,2,2,2,2,2,2,2
1,1,1,2,2,2,2,2,2,2,2,2
1,1,1,2,2,2,2,2,2,2,2,2
1,1,1,2,2,2,2,2,2,2,2,2
1,1,1,2,2,2,2,2,2,2,2,2
1,1,1,2,2,2,2,2,2,2,2,2
1,1,1,2,2,2,2,2,2,2,2,2
1,1,1,2,2,2,2,2,2,2,2,2
1,1,1,2,2,2,2,2,2,2,2,2
1,1,1,2,2,2,2,2,2,2,2,2
1,1,1,2,2,2,2,2,2,2,2,2
1,1,1,2,2,2,2,2,2,2,2,2
1,1,1,2,2,2,2,2,2,2,2,2
1,1,1,2,2,2,2,2,2,2,2,2
1,1,1,2,2,2,2,2,2,2,2,2
1,1,1,2,2,2,2,2,2,2,2,2
1,1,1,2,2,2,2,2,2,2,2,2
1,1,1,2,2,2,2,2,2,2,2,2
1,1,1,2,2,2,2,2,2,2,2,2
1,1,1,2,2,2,2,2,2,2,2,2
1,1,1,2,2,2,2,2,2,2,2,2
1,1,1,2,2,2,2,2,2,2,2,2
1,1,1,2,2,2,2,2,2,2,2,2
1,1,1,2,2,2,2,2,2,2,2,2
1,1,1,2,2,2,2,2,2,2,2,2
1,1,1,2,2,2,2,2,2,2,2,2
1,1,1,2,2,2,2,2,2,2,2,2
1,1,1,2,2,2,2,2,2,2,2,2
1,1,1,2,2,2,2,2,2,2,2,2
1,1,1,2,2,2,2,2,2,2,2,2
1,1,1,2,2,2,2,2,2,2,2,2
1,1,1,2,2,2,2,2,2,2,2,2
1,1,1,2,2,2,2,2,2,2,2,2
1,1,1,2,2,2,2,2,2,2,2,2
1,1,1,2,2,2,2,2,2,2,2,2
1,1,1,2,2,2,2,2,2,2,2,2
1,1,1,2,2,2,2,2,2,2,2,2
1,1,1,2,2,2,2,2,2,2,2,2
1,1,1,2,2,2,2,2,2,2,2,2
1,1,1,2,2,2,2,2,2,2,2,2
1,1,1,2,2,2,2,2,2,2,2,2
1,1,1,2,2,2,2,2,2,2,2,2
1,1,1,2,2,2,2,2,2,2,2,2
1,1,1,2,2,2,2,2,2,2,2,2
1,1,1,2,2,2,2,2,2,2,2,2
1,1,1,2,2,2,2,2,2,2,2,2
1,1,1,2,2,2,2,2,2,2,2,2
1,1,1,2,2,2,2,2,2,2,2,2
1,1,1,2,2,2,2,2,2,2,2,2
1,1,1,2,2,2,2,2,2,2,2,2
1,1,1,2,2,2,2,2,2,2,2,2
1,1,1,2,2,2,2,2,2,2,2,2
1,1,1,2,2,2,2,2,2,2,2,2
1,1,1,2,2,2,2,2,2,2,2,2
1,1,1,2,2,2,2,2,2,2,2,2
1,1,1,2,2,2,2,2,2,2,2,2
1,1,1,2,2,2,2,2,2,2,2,2
1,1,1,2,2,2,2,2,2,2,2,2
1,1,1,2,2,2,2,2,2,2,2,2
1,1,1,2,2,2,2,2,2,2,2,2
1,1,1,2,2,2,2,2,2,2,2,2
1,1,1,2,2,2,2,2,2,2,2,2
1,1,1,2,2,2,2,2,2,2,2,2
1,1,1,2,2,2,2,2,2,2,2,2
1,1,1,2,2,2,2,2,2,2,2,2
1,1,1,2,2,2,2,2,2,2,2,2
1,1,1,2,2,2,2,2,2,2,2,2
1,1,1,2,2,2,2,2,2,2,2,2
1,1,1,2,2,2,2,2,2,2,2,2
1,1,1,2,2,2,2,2,2,2,2,2
1,1,1,2,2,2,2,2,2,2,2,2
1,1,1,2,2,2,2,2,2,2,2,2
1,1,1,2,2,2,2,2,2,2,2,2
1,1,1,2,2,2,2,2,2,2,2,2
1,1,1,2,2,2,2,2,2,2,2,2
1,1,1,2,2,2,2,2,2,2,2,2
1,1,1,2,2,2,2,2,2,2,2,2
1,1,1,2,2,2,2,2,2,2,2,2
1,1,1,2,2,2,2,2,2,2,2,2
1,1,1,2,2,2,2,2,2,2,2,2
1,1,1,2,2,2,2,2,2,2,2,2
1,1,1,2,2,2,2,2,2,2,2,2
1,1,1,2,2,2,2,2,2,2,2,2
1,1,1,2,2,2,2,2,2,2,2,2
1,1,1,2,2,2,2,2,2,2,2,2
1,1,1,2,2,2,2,2,2,2,2,2
1,1,1,2,2,2,2,2,2,2,2,2
1,1,1,2,2,2,2,2,2,2,2,2
1,1,1,2,2,2,2,2,2,2,2,2
1,1,1,2,2,2,2,2,2,2,2,2
1,1,1,2,2,2,2,2,2,2,2,2
1,1,1,2,2,2,2,2,2,2,2,2
1,1,1,2,2,2,2,2,2,2,2,2
1,1,1,2,2,2,2,2,2,2,2,2
1,1,1,2,2,2,2,2,2,2,2,2
1,1,1,2,2,2,2,2,2,2,2,2
1,1,1,2,2,2,2,2,2,2,2,2
1,1,1,2,2,2,2,2,2,2,2,2
1,1,1,2,2,2,2,2,2,2,2,2
1,1,1,2,2,2,2,2,2,2,2,2
1,1,1,2,2,2,2,2,2,2,2,2
1,1,1,2,2,2,2,2,2,2,2,2
1,1,1,2,2,2,2,2,2,2,2,2
1,1,1,2,2,2,2,2,2,2,2,2
1,1,1,2,2,2,2,2,2,2,2,2
1,1,1,2,2,2,2,2,2,2,2,2
1,1,1,2,2,2,2,2,2,2,2,2
1,1,1,2,2,2,2,2,2,2,2,2
1,1,1,2,2,2,2,2,2,2,2,2
1,1,1,2,2,2,2,2,2,2,2,2
1,1,1,2,2,2,2,2,2,2,2,2
1,1,1,2,2,2,2,2,2,2,2,2
1,1,1,2,2,2,2,2,2,2,2,2
1,1,1,2,2,2,2,2,2,2,2,2
1,1,1,2,2,2,2,2,2,2,2,2
1,1,1,2,2,2,2,2,2,2,2,2
1,1,1,2,2,2,2,2,2,2,2,2
1,1,1,2,2,2,2,2,2,2,2,2
1,1,1,2,2,2,2,2,2,2,2,2
1,1,1,2,2,2,2,2,2,2,2,2
1,1,1,2,2,2,2,2,2,2,2,2
1,1,1,2,2,2,2,2,2,2,2,2
1,1,1,2,2,2,2,2,2,2,2,2
1,1,1,2,2,2,2,2,2,2,2,2
1,1,1,2,2,2,2,2,2,2,2,2
1,1,1,2,2,2,2,2,2,2,2,2
1,1,1,2,2,2,2,2,2,2,2,2
1,1,1,2,2,2,2,2,2,2,2,2
1,1,1,2,2,2,2,2,2,2,2,2
1,1,1,2,2,2,2,2,2,2,2,2
1,1,1,2,2,2,2,2,2,2,2,2
1,1,1,2,2,2,2,2,2,2,2,2
1,1,1,2,2,2,2,2,2,2,2,2
1,1,1,2,2,2,2,2,2,2,2,2
1,1,1,2,2,2,2,2,2,2,2,2
1,1,1,2,2,2,2,2,2,2,2,2
1,1,1,2,2,2,2,2,2,2,2,2
1,1,1,2,2,2,2,2,2,2,2,2
1,1,1,2,2,2,2,2,2,2,2,2
1,1,1,2,2,2,2,2,2,2,2,2
1,1,1,2,2,2,2,2,2,2,2,2
1,1,1,2,2,2,2,2,2,2,2,2
1,1,1,2,2,2,2,2,2,2,2,2
1,1,1,2,2,2,2,2,2,2,2,2
1,1,1,2,2,2,2,2,2,2,2,2
1,1,1,2,2,2,2,2,2,2,2,2
1,1,1,2,2,2,2,2,2,2,2,2
1,1,1,2,2,2,2,2,2,2,2,2
1,1,1,2,2,2,2,2,2,2,2,2
1,1,1,2,2,2,2,2,2,2,2,2
1,1,1,2,2,2,2,2,2,2,2,2
1,1,1,2,2,2,2,2,2,2,2,2
1,1,1,2,2,2,2,2,2,2,2,2
1,1,1,2,2,2,2,2,2,2,2,2
1,1,1,2,2,2,2,2,2,2,2,2
1,1,1,2,2,2,2,2,2,2,2,2
1,1,1,2,2,2,2,2,2,2,2,2
1,1,1,2,2,2,2,2,2,2,2,2
1,1,1,2,2,2,2,2,2,2,2,2
1,1,1,2,2,2,2,2,2,2,2,2
1,1,1,2,2,2,2,2,2,2,2,2
1,1,1,2,2,2,2,2,2,2,2,2
1,1,1,2,2,2,2,2,2,2,2,2
1,1,1,2,2,2,2,2,2,2,2,2
1,1,1,2,2,2,2,2,2,2,2,2
1,1,1,2,2,2,2,2,2,2,2,2
1,1,1,2,2,2,2,2,2,2,2,2
1,1,1,2,2,2,2,2,2,2,2,2
1,1,1,2,2,2,2,2,2,2,2,2
1,1,1,2,2,2,2,2,2,2,2,2
1,1,1,2,2,2,2,2,2,2,2,2
1,1,1,2,2,2,2,2,2,2,2,2
1,1,1,2,2,2,2,2,2,2,2,2
1,1,1,2,2,2,2,2,2,2,2,2
1,1,1,2,2,2,2,2,2,2,2,2
1,1,1,2,2,2,2,2,2,2,2,2
1,1,1,2,2,2,2,2,2,2,2,2
1,1,1,2,2,2,2,2,2,2,2,2
1,1,1,2,2,2,2,2,2,2,2,2
1,1,1,2,2,2,2,2,2,2,2,2
1,1,1,2,2,2,2,2,2,2,2,2
1,1,1,2,2,2,2,2,2,2,2,2
1,1,1,2,2,2,2,2,2,2,2,2
1,1,1,2,2,2,2,2,2,2,2,2
1,1,1,2,2,2,2,2,2,2,2,2
1,1,1,2,2,2,2,2,2,2,2,2
1,1,1,2,2,2,2,2,2,2,2,2
1,1,1,2,2,2,2,2,2,2,2,2
1,1,1,2,2,2,2,2,2,2,2,2
1,1,1,2,2,2,2,2,2,2,2,2
1,1,1,2,2,2,2,2,2,2,2,2
1,1,1,2,2,2,2,2,2,2,2,2
1,1,1,2,2,2,2,2,2,2,2,2
1,1,1,2,2,2,2,2,2,2,2,2
1,1,1,2,2,2,2,2,2,2,2,2
1,1,1,2,2,2,2,2,2,2,2,2
1,1,1,2,2,2,2,2,2,2,2,2
1,1,1,2,2,2,2,2,2,2,2,2
1,1,1,2,2,2,2,2,2,2,2,2
1,1,1,2,2,2,2,2,2,2,2,2
1,1,1,2,2,2,2,2,2,2,2,2
1,1,1,2,2,2,2,2,2,2,2,2
1,1,1,2,2,2,2,2,2,2,2,2
1,1,1,2,2,2,2,2,2,2,2,2
1,1,1,2,2,2,2,2,2,2,2,2
1,1,1,2,2,2,2,2,2,2,2,2
1,1,1,2,2,2,2,2,2,2,2,2
1,1,1,2,2,2,2,2,2,2,2,2
1,1,1,2,2,2,2,2,2,2,2,2
1,1,1,2,2,2,2,2,2,2,2,2
1,1,1,2,2,2,2,2,2,2,2,2
1,1,1,2,2,2,2,2,2,2,2,2
1,1,1,2,2,2,2,2,2,2,2,2
1,1,1,2,2,2,2,2,2,2,2,2
1,1,1,2,2,2,2,2,2,2,2,2
1,1,1,2,2,2,2,2,2,2,2,2
1,1,1,2,2,2,2,2,2,2,2,2
1,1,1,2,2,2,2,2,2,2,2,2
1,1,1,2,2,2,2,2,2,2,2,2
1,1,1,2,2,2,2,2,2,2,2,2
1,1,1,2,2,2,2,2,2,2,2,2
1,1,1,2,2,2,2,2,2,2,2,2
1,1,1,2,2,2,2,2,2,2,2,2
1,1,1,2,2,2,2,2,2,2,2,2
1,1,1,2,2,2,2,2,2,2,2,2
1,1,1,2,2,2,2,2,2,2,2,2
1,1,1,2,2,2,2,2,2,2,2,2
1,1,1,2,2,2,2,2,2,2,2,2
1,1,1,2,2,2,2,2,2,2,2,2
1,1,1,2,2,2,2,2,2,2,2,2
1,1,1,2,2,2,2,2,2,2,2,2
1,1,1,2,2,2,2,2,2,2,2,2
1,1,1,2,2,2,2,2,2,2,2,2
1,1,1,2,2,2,2,2,2,2,2,2
1,1,1,2,2,2,2,2,2,2,2,2
1,1,1,2,2,2,2,2,2,2,2,2
1,1,1,2,2,2,2,2,2,2,2,2
1,1,1,2,2,2,2,2,2,2,2,2
1,1,1,2,2,2,2,2,2,2,2,2
1,1,1,2,2,2,2,2,2,2,2,2
1,1,1,2,2,2,2,2,2,2,2,2
1,1,1,2,2,2,2,2,2,2,2,2
1,1,1,2,2,2,2,2,2,2,2,2
1,1,1,2,2,2,2,2,2,2,2,2
1,1,1,2,2,2,2,2,2,2,2,2
1,1,1,2,2,2,2,2,2,2,2,2
1,1,1,2,2,2,2,2,2,2,2,2
1,1,1,2,2,2,2,2,2,2,2,2
1,1,1,2,2,2,2,2,2,2,2,2
1,1,1,2,2,2,2,2,2,2,2,2
1,1,1,2,2,2,2,2,2,2,2,2
1,1,1,2,2,2,2,2,2,2,2,2
1,1,1,2,2,2,2,2,2,2,2,2
1,1,1,2,2,2,2,2,2,2,2,2
1,1,1,2,2,2,2,2,2,2,2,2
1,1,1,2,2,2,2,2,2,2,2,2
1,1,1,2,2,2,2,2,2,2,2,2
1,1,1,2,2,2,2,2,2,2,2,2
1,1,1,2,2,2,2,2,2,2,2,2
1,1,1,2,2,2,2,2,2,2,2,2
1,1,1,2,2,2,2,2,2,2,2,2
1,1,1,2,2,2,2,2,2,2,2,2
1,1,1,2,2,2,2,2,2,2,2,2
1,1,1,2,2,2,2,2,2,2,2,2
1,1,1,2,2,2,2,2,2,2,2,2
1,1,1,2,2,2,2,2,2,2,2,2
1,1,1,2,2,2,2,2,2,2,2,2
1,1,1,2,2,2,2,2,2,2,2,2
1,1,1,2,2,2,2,2,2,2,2,2
1,1,1,2,2,2,2,2,2,2,2,2
1,1,1,2,2,2,2,2,2,2,2,2
1,1,1,2,2,2,2,2,2,2,2,2
1,1,1,2,2,2,2,2,2,2,2,2
1,1,1,2,2,2,2,2,2,2,2,2
1,1,1,2,2,2,2,2,2,2,2,2
1,1,1,2,2,2,2,2,2,2,2,2
1,1,1,2,2,2,2,2,2,2,2,2
1,1,1,2,2,2,2,2,2,2,2,2
1,1,1,2,2,2,2,2,2,2,2,2
1,1,1,2,2,2,2,2,2,2,2,2
1,1,1,2,2,2,2,2,2,2,2,2
1,1,1,2,2,2,2,2,2,2,2,2
1,1,1,2,2,2,2,2,2,2,2,2
1,1,1,2,2,2,2,2,2,2,2,2
1,1,1,2,2,2,2,2,2,2,2,2
1,1,1,2,2,2,2,2,2,2,2,2
1,1,1,2,2,2,2,2,2,2,2,2
1,1,1,2,2,2,2,2,2,2,2,2
1,1,1,2,2,2,2,2,2,2,2,2
1,1,1,2,2,2,2,2,2,2,2,2
1,1,1,2,2,2,2,2,2,2,2,2
1,1,1,2,2,2,2,2,2,2,2,2
1,1,1,2,2,2,2,2,2,2,2,2
1,1,1,2,2,2,2,2,2,2,2,2
1,1,1,2,2,2,2,2,2,2,2,2
1,1,1,2,2,2,2,2,2,2,2,2
1,1,1,2,2,2,2,2,2,2,2,2
1,1,1,2,2,2,2,2,2,2,2,2
1,1,1,2,2,2,2,2,2,2,2,2
1,1,1,2,2,2,2,2,2,2,2,2
1,1,1,2,2,2,2,2,2,2,2,2
1,1,1,2,2,2,2,2,2,2,2,2
1,1,1,2,2,2,2,2,2,2,2,2
1,1,1,2,2,2,2,2,2,2,2,2
1,1,1,2,2,2,2,2,2,2,2,2
1,1,1,2,2,2,2,2,2,2,2,2
1,1,1,2,2,2,2,2,2,2,2,2
1,1,1,2,2,2,2,2,2,2,2,2
1,1,1,2,2,2,2,2,2,2,2,2
1,1,1,2,2,2,2,2,2,2,2,2
1,1,1,2,2,2,2,2,2,2,2,2
1,1,1,2,2,2,2,2,2,2,2,2
1,1,1,2,2,2,2,2,2,2,2,2
1,1,1,2,2,2,2,2,2,2,2,2
1,1,1,2,2,2,2,2,2,2,2,2
1,1,1,2,2,2,2,2,2,2,2,2
1,1,1,2,2,2,2,2,2,2,2,2
1,1,1,2,2,2,2,2,2,2,2,2
1,1,1,2,2,2,2,2,2,2,2,2
1,1,1,2,2,2,2,2,2,2,2,2
1,1,1,2,2,2,2,2,2,2,2,2
1,1,1,2,2,2,2,2,2,2,2,2
1,1,1,2,2,2,2,2,2,2,2,2
1,1,1,2,2,2,2,2,2,2,2,2
1,1,1,2,2,2,2,2,2,2,2,2
1,1,1,2,2,2,2,2,2,2,2,2
1,1,1,2,2,2,2,2,2,2,2,2
1,1,1,2,2,2,2,2,2,2,2,2
1,1,1,2,2,2,2,2,2,2,2,2
1,1,1,2,2,2,2,2,2,2,2,2
1,1,1,2,2,2,2,2,2,2,2,2
1,1,1,2,2,2,2,2,2,2,2,2
1,1,1,2,2,2,2,2,2,2,2,2
1,1,1,2,2,2,2,2,2,2,2,2
1,1,1,2,2,2,2,2,2,2,2,2
1,1,1,2,2,2,2,2,2,2,2,2
1,1,1,2,2,2,2,2,2,2,2,2
1,1,1,2,2,2,2,2,2,2,2,2
1,1,1,2,2,2,2,2,2,2,2,2
1,1,1,2,2,2,2,2,2,2,2,2
1,1,1,2,2,2,2,2,2,2,2,2
1,1,1,2,2,2,2,2,2,2,2,2
1,1,1,2,2,2,2,2,2,2,2,2
1,1,1,2,2,2,2,2,2,2,2,2
1,1,1,2,2,2,2,2,2,2,2,2
1,1,1,2,2,2,2,2,2,2,2,2
1,1,1,2,2,2,2,2,2,2,2,2
1,1,1,2,2,2,2,2,2,2,2,2
1,1,1,2,2,2,2,2,2,2,2,2
1,1,1,2,2,2,2,2,2,2,2,2
1,1,1,2,2,2,2,2,2,2,2,2
1,1,1,2,2,2,2,2,2,2,2,2
1,1,1,2,2,2,2,2,2,2,2,2
1,1,1,2,2,2,2,2,2,2,2,2
1,1,1,2,2,2,2,2,2,2,2,2
1,1,1,2,2,2,2,2,2,2,2,2
1,1,1,2,2,2,2,2,2,2,2,2
1,1,1,2,2,2,2,2,2,2,2,2
1,1,1,2,2,2,2,2,2,2,2,2
1,1,1,2,2,2,2,2,2,2,2,2
1,1,1,2,2,2,2,2,2,2,2,2
1,1,1,2,2,2,2,2,2,2,2,2
1,1,1,2,2,2,2,2,2,2,2,2
1,1,1,2,2,2,2,2,2,2,2,2
1,1,1,2,2,2,2,2,2,2,2,2
1,1,1,2,2,2,2,2,2,2,2,2
1,1,1,2,2,2,2,2,2,2,2,2
1,1,1,2,2,2,2,2,2,2,2,2
1,1,1,2,2,2,2,2,2,2,2,2
1,1,1,2,2,2,2,2,2,2,2,2
1,1,1,2,2,2,2,2,2,2,2,2
1,1,1,2,2,2,2,2,2,2,2,2
1,1,1,2,2,2,2,2,2,2,2,2
1,1,1,2,2,2,2,2,2,2,2,2
1,1,1,2,2,2,2,2,2,2,2,2
1,1,1,2,2,2,2,2,2,2,2,2
1,1,1,2,2,2,2,2,2,2,2,2
1,1,1,2,2,2,2,2,2,2,2,2
1,1,1,2,2,2,2,2,2,2,2,2
1,1,1,2,2,2,2,2,2,2,2,2
1,1,1,2,2,2,2,2,2,2,2,2
1,1,1,2,2,2,2,2,2,2,2,2
1,1,1,2,2,2,2,2,2,2,2,2
1,1,1,2,2,2,2,2,2,2,2,2
1,1,1,2,2,2,2,2,2,2,2,2
1,1,1,2,2,2,2,2,2,2,2,2
1,1,1,2,2,2,2,2,2,2,2,2
1,1,1,2,2,2,2,2,2,2,2,2
1,1,1,2,2,2,2,2,2,2,2,2
1,1,1,2,2,2,2,2,2,2,2,2
1,1,1,2,2,2,2,2,2,2,2,2
1,1,1,2,2,2,2,2,2,2,2,2
1,1,1,2,2,2,2,2,2,2,2,2
1,1,1,2,2,2,2,2,2,2,2,2
1,1,1,2,2,2,2,2,2,2,2,2
1,1,1,2,2,2,2,2,2,2,2,2
1,1,1,2,2,2,2,2,2,2,2,2
1,1,1,2,2,2,2,2,2,2,2,2
1,1,1,2,2,2,2,2,2,2,2,2
1,1,1,2,2,2,2,2,2,2,2,2
1,1,1,2,2,2,2,2,2,2,2,2
1,1,1,2,2,2,2,2,2,2,2,2
1,1,1,2,2,2,2,2,2,2,2,2
1,1,1,2,2,2,2,2,2,2,2,2
1,1,1,2,2,2,2,2,2,2,2,2
1,1,1,2,2,2,2,2,2,2,2,2
1,1,1,2,2,2,2,2,2,2,2,2
1,1,1,2,2,2,2,2,2,2,2,2
1,1,1,2,2,2,2,2,2,2,2,2
1,1,1,2,2,2,2,2,2,2,2,2
1,1,1,2,2,2,2,2,2,2,2,2
1,1,1,2,2,2,2,2,2,2,2,2
1,1,1,2,2,2,2,2,2,2,2,2
1,1,1,2,2,2,2,2,2,2,2,2
1,1,1,2,2,2,2,2,2,2,2,2
1,1,1,2,2,2,2,2,2,2,2,2
1,1,1,2,2,2,2,2,2,2,2,2
1,1,1,2,2,2,2,2,2,2,2,2
1,1,1,2,2,2,2,2,2,2,2,2
1,1,1,2,2,2,2,2,2,2,2,2
1,1,1,2,2,2,2,2,2,2,2,2
1,1,1,2,2,2,2,2,2,2,2,2
1,1,1,2,2,2,2,2,2,2,2,2
1,1,1,2,2,2,2,2,2,2,2,2
1,1,1,2,2,2,2,2,2,2,2,2
1,1,1,2,2,2,2,2,2,2,2,2
1,1,1,2,2,2,2,2,2,2,2,2
1,1,1,2,2,2,2,2,2,2,2,2
1,1,1,2,2,2,2,2,2,2,2,2
1,1,1,2,2,2,2,2,2,2,2,2
1,1,1,2,2,2,2,2,2,2,2,2
1,1,1,2,2,2,2,2,2,2,2,2
1,1,1,2,2,2,2,2,2,2,2,2
1,1,1,2,2,2,2,2,2,2,2,2
1,1,1,2,2,2,2,2,2,2,2,2
1,1,1,2,2,2,2,2,2,2,2,2
1,1,1,2,2,2,2,2,2,2,2,2
1,1,1,2,2,2,2,2,2,2,2,2
1,1,1,2,2,2,2,2,2,2,2,2
1,1,1,2,2,2,2,2,2,2,2,2
1,1,1,2,2,2,2,2,2,2,2,2
1,1,1,2,2,2,2,2,2,2,2,2
1,1,1,2,2,2,2,2,2,2,2,2
1,1,1,2,2,2,2,2,2,2,2,2
1,1,1,2,2,2,2,2,2,2,2,2
1,1,1,2,2,2,2,2,2,2,2,2
1,1,1,2,2,2,2,2,2,2,2,2
1,1,1,2,2,2,2,2,2,2,2,2
1,1,1,2,2,2,2,2,2,2,2,2
1,1,1,2,2,2,2,2,2,2,2,2
1,1,1,2,2,2,2,2,2,2,2,2
1,1,1,2,2,2,2,2,2,2,2,2
1,1,1,2,2,2,2,2,2,2,2,2
1,1,1,2,2,2,2,2,2,2,2,2
1,1,1,2,2,2,2,2,2,2,2,2
1,1,1,2,2,2,2,2,2,2,2,2
1,1,1,2,2,2,2,2,2,2,2,2
1,1,1,2,2,2,2,2,2,2,2,2
1,1,1,2,2,2,2,2,2,2,2,2
1,1,1,2,2,2,2,2,2,2,2,2
1,1,1,2,2,2,2,2,2,2,2,2
1,1,1,2,2,2,2,2,2,2,2,2
1,1,1,2,2,2,2,2,2,2,2,2
1,1,1,2,2,2,2,2,2,2,2,2
1,1,1,2,2,2,2,2,2,2,2,2
1,1,1,2,2,2,2,2,2,2,2,2
1,1,1,2,2,2,2,2,2,2,2,2
1,1,1,2,2,2,2,2,2,2,2,2
1,1,1,2,2,2,2,2,2,2,2,2
1,1,1,2,2,2,2,2,2,2,2,2
1,1,1,2,2,2,2,2,2,2,2,2
1,1,1,2,2,2,2,2,2,2,2,2
1,1,1,2,2,2,2,2,2,2,2,2
1,1,1,2,2,2,2,2,2,2,2,2
1,1,1,2,2,2,2,2,2,2,2,2
1,1,1,2,2,2,2,2,2,2,2,2
1,1,1,2,2,2,2,2,2,2,2,2
1,1,1,2,2,2,2,2,2,2,2,2
1,1,1,2,2,2,2,2,2,2,2,2
1,1,1,2,2,2,2,2,2,2,2,2
1,1,1,2,2,2,2,2,2,2,2,2
1,1,1,2,2,2,2,2,2,2,2,2
1,1,1,2,2,2,2,2,2,2,2,2
1,1,1,2,2,2,2,2,2,2,2,2
1,1,1,2,2,2,2,2,2,2,2,2
1,1,1,2,2,2,2,2,2,2,2,2
1,1,1,2,2,2,2,2,2,2,2,2
1,1,1,2,2,2,2,2,2,2,2,2
1,1,1,2,2,2,2,2,2,2,2,2
1,1,1,2,2,2,2,2,2,2,2,2
1,1,1,2,2,2,2,2,2,2,2,2
1,1,1,2,2,2,2,2,2,2,2,2
1,1,1,2,2,2,2,2,2,2,2,2
1,1,1,2,2,2,2,2,2,2,2,2
1,1,1,2,2,2,2,2,2,2,2,2
1,1,1,2,2,2,2,2,2,2,2,2
1,1,1,2,2,2,2,2,2,2,2,2
1,1,1,2,2,2,2,2,2,2,2,2
1,1,1,2,2,2,2,2,2,2,2,2
1,1,1,2,2,2,2,2,2,2,2,2
1,1,1,2,2,2,2,2,2,2,2,2
1,1,1,2,2,2,2,2,2,2,2,2
1,1,1,2,2,2,2,2,2,2,2,2
1,1,1,2,2,2,2,2,2,2,2,2
1,1,1,2,2,2,2,2,2,2,2,2
1,1,1,2,2,2,2,2,2,2,2,2
1,1,1,2,2,2,2,2,2,2,2,2
1,1,1,2,2,2,2,2,2,2,2,2
1,1,1,2,2,2,2,2,2,2,2,2
1,1,1,2,2,2,2,2,2,2,2,2
1,1,1,2,2,2,2,2,2,2,2,2
1,1,1,2,2,2,2,2,2,2,2,2
1,1,1,2,2,2,2,2,2,2,2,2
1,1,1,2,2,2,2,2,2,2,2,2
1,1,1,2,2,2,2,2,2,2,2,2
1,1,1,2,2,2,2,2,2,2,2,2
1,1,1,2,2,2,2,2,2,2,2,2
1,1,1,2,2,2,2,2,2,2,2,2
1,1,1,2,2,2,2,2,2,2,2,2
1,1,1,2,2,2,2,2,2,2,2,2
1,1,1,2,2,2,2,2,2,2,2,2
1,1,1,2,2,2,2,2,2,2,2,2
1,1,1,2,2,2,2,2,2,2,2,2
1,1,1,2,2,2,2,2,2,2,2,2
1,1,1,2,2,2,2,2,2,2,2,2
1,1,1,2,2,2,2,2,2,2,2,2
1,1,1,2,2,2,2,2,2,2,2,2
1,1,1,2,2,2,2,2,2,2,2,2
1,1,1,2,2,2,2,2,2,2,2,2
1,1,1,2,2,2,2,2,2,2,2,2
1,1,1,2,2,2,2,2,2,2,2,2
1,1,1,2,2,2,2,2,2,2,2,2
1,1,1,2,2,2,2,2,2,2,2,2
1,1,1,2,2,2,2,2,2,2,2,2
1,1,1,2,2,2,2,2,2,2,2,2
1,1,1,2,2,2,2,2,2,2,2,2
1,1,1,2,2,2,2,2,2,2,2,2
1,1,1,2,2,2,2,2,2,2,2,2
1,1,1,2,2,2,2,2,2,2,2,2
1,1,1,2,2,2,2,2,2,2,2,2
1,1,1,2,2,2,2,2,2,2,2,2
1,1,1,2,2,2,2,2,2,2,2,2
1,1,1,2,2,2,2,2,2,2,2,2
1,1,1,2,2,2,2,2,2,2,2,2
1,1,1,2,2,2,2,2,2,2,2,2
1,1,1,2,2,2,2,2,2,2,2,2
1,1,1,2,2,2,2,2,2,2,2,2
1,1,1,2,2,2,2,2,2,2,2,2
1,1,1,2,2,2,2,2,2,2,2,2
1,1,1,2,2,2,2,2,2,2,2,2
1,1,1,2,2,2,2,2,2,2,2,2
1,1,1,2,2,2,2,2,2,2,2,2
1,1,1,2,2,2,2,2,2,2,2,2
1,1,1,2,2,2,2,2,2,2,2,2
1,1,1,2,2,2,2,2,2,2,2,2
1,1,1,2,2,2,2,2,2,2,2,2
1,1,1,2,2,2,2,2,2,2,2,2
1,1,1,2,2,2,2,2,2,2,2,2
1,1,1,2,2,2,2,2,2,2,2,2
1,1,1,2,2,2,2,2,2,2,2,2
1,1,1,2,2,2,2,2,2,2,2,2
1,1,1,2,2,2,2,2,2,2,2,2
1,1,1,2,2,2,2,2,2,2,2,2
1,1,1,2,2,2,2,2,2,2,2,2
1,1,1,2,2,2,2,2,2,2,2,2
1,1,1,2,2,2,2,2,2,2,2,2
1,1,1,2,2,2,2,2,2,2,2,2
1,1,1,2,2,2,2,2,2,2,2,2
1,1,1,2,2,2,2,2,2,2,2,2
1,1,1,2,2,2,2,2,2,2,2,2
1,1,1,2,2,2,2,2,2,2,2,2
1,1,1,2,2,2,2,2,2,2,2,2
1,1,1,2,2,2,2,2,2,2,2,2
1,1,1,2,2,2,2,2,2,2,2,2
1,1,1,2,2,2,2,2,2,2,2,2
1,1,1,2,2,2,2,2,2,2,2,2
1,1,1,2,2,2,2,2,2,2,2,2
1,1,1,2,2,2,2,2,2,2,2,2
1,1,1,2,2,2,2,2,2,2,2,2
1,1,1,2,2,2,2,2,2,2,2,2
1,1,1,2,2,2,2,2,2,2,2,2
1,1,1,2,2,2,2,2,2,2,2,2
1,1,1,2,2,2,2,2,2,2,2,2
1,1,1,2,2,2,2,2,2,2,2,2
1,1,1,2,2,2,2,2,2,2,2,2
1,1,1,2,2,2,2,2,2,2,2,2
1,1,1,2,2,2,2,2,2,2,2,2
1,1,1,2,2,2,2,2,2,2,2,2
1,1,1,2,2,2,2,2,2,2,2,2
1,1,1,2,2,2,2,2,2,2,2,2
1,1,1,2,2,2,2,2,2,2,2,2
1,1,1,2,2,2,2,2,2,2,2,2
1,1,1,2,2,2,2,2,2,2,2,2
1,1,1,2,2,2,2,2,2,2,2,2
1,1,1,2,2,2,2,2,2,2,2,2
1,1,1,2,2,2,2,2,2,2,2,2
1,1,1,2,2,2,2,2,2,2,2,2
1,1,1,2,2,2,2,2,2,2,2,2
1,1,1,2,2,2,2,2,2,2,2,2
1,1,1,2,2,2,2,2,2,2,2,2
1,1,1,2,2,2,2,2,2,2,2,2
1,1,1,2,2,2,2,2,2,2,2,2
1,1,1,2,2,2,2,2,2,2,2,2
1,1,1,2,2,2,2,2,2,2,2,2
1,1,1,2,2,2,2,2,2,2,2,2
1,1,1,2,2,2,2,2,2,2,2,2
1,1,1,2,2,2,2,2,2,2,2,2
1,1,1,2,2,2,2,2,2,2,2,2
1,1,1,2,2,2,2,2,2,2,2,2
1,1,1,2,2,2,2,2,2,2,2,2
1,1,1,2,2,2,2,2,2,2,2,2
1,1,1,2,2,2,2,2,2,2,2,2
1,1,1,2,2,2,2,2,2,2,2,2
1,1,1,2,2,2,2,2,2,2,2,2
1,1,1,2,2,2,2,2,2,2,2,2
1,1,1,2,2,2,2,2,2,2,2,2
1,1,1,2,2,2,2,2,2,2,2,2
1,1,1,2,2,2,2,2,2,2,2,2
1,1,1,2,2,2,2,2,2,2,2,2
1,1,1,2,2,2,2,2,2,2,2,2
1,1,1,2,2,2,2,2,2,2,2,2
1,1,1,2,2,2,2,2,2,2,2,2
1,1,1,2,2,2,2,2,2,2,2,2
1,1,1,2,2,2,2,2,2,2,2,2
1,1,1,2,2,2,2,2,2,2,2,2
1,1,1,2,2,2,2,2,2,2,2,2
1,1,1,2,2,2,2,2,2,2,2,2
1,1,1,2,2,2,2,2,2,2,2,2
1,1,1,2,2,2,2,2,2,2,2,2
1,1,1,2,2,2,2,2,2,2,2,2
1,1,1,2,2,2,2,2,2,2,2,2
1,1,1,2,2,2,2,2,2,2,2,2
1,1,1,2,2,2,2,2,2,2,2,2
1,1,1,2,2,2,2,2,2,2,2,2
1,1,1,2,2,2,2,2,2,2,2,2
1,1,1,2,2,2,2,2,2,2,2,2
1,1,1,2,2,2,2,2,2,2,2,2
1,1,1,2,2,2,2,2,2,2,2,2
1,1,1,2,2,2,2,2,2,2,2,2
1,1,1,2,2,2,2,2,2,2,2,2
1,1,1,2,2,2,2,2,2,2,2,2
1,1,1,2,2,2,2,2,2,2,2,2
1,1,1,2,2,2,2,2,2,2,2,2
1,1,1,2,2,2,2,2,2,2,2,2
1,1,1,2,2,2,2,2,2,2,2,2
1,1,1,2,2,2,2,2,2,2,2,2
1,1,1,2,2,2,2,2,2,2,2,2
1,1,1,2,2,2,2,2,2,2,2,2
1,1,1,2,2,2,2,2,2,2,2,2
1,1,1,2,2,2,2,2,2,2,2,2
1,1,1,2,2,2,2,2,2,2,2,2
1,1,1,2,2,2,2,2,2,2,2,2
1,1,1,2,2,2,2,2,2,2,2,2
1,1,1,2,2,2,2,2,2,2,2,2
1,1,1,2,2,2,2,2,2,2,2,2
1,1,1,2,2,2,2,2,2,2,2,2
1,1,1,2,2,2,2,2,2,2,2,2
1,1,1,2,2,2,2,2,2,2,2,2
1,1,1,2,2,2,2,2,2,2,2,2
1,1,1,2,2,2,2,2,2,2,2,2
1,1,1,2,2,2,2,2,2,2,2,2
1,1,1,2,2,2,2,2,2,2,2,2
1,1,1,2,2,2,2,2,2,2,2,2
1,1,1,2,2,2,2,2,2,2,2,2
1,1,1,2,2,2,2,2,2,2,2,2
1,1,1,2,2,2,2,2,2,2,2,2
1,1,1,2,2,2,2,2,2,2,2,2
1,1,1,2,2,2,2,2,2,2,2,2
1,1,1,2,2,2,2,2,2,2,2,2
1,1,1,2,2,2,2,2,2,2,2,2
1,1,1,2,2,2,2,2,2,2,2,2
1,1,1,2,2,2,2,2,2,2,2,2
1,1,1,2,2,2,2,2,2,2,2,2
1,1,1,2,2,2,2,2,2,2,2,2
1,1,1,2,2,2,2,2,2,2,2,2
1,1,1,2,2,2,2,2,2,2,2,2
1,1,1,2,2,2,2,2,2,2,2,2
1,1,1,2,2,2,2,2,2,2,2,2
1,1,1,2,2,2,2,2,2,2,2,2
1,1,1,2,2,2,2,2,2,2,2,2
1,1,1,2,2,2,2,2,2,2,2,2
1,1,1,2,2,2,2,2,2,2,2,2
1,1,1,2,2,2,2,2,2,2,2,2
1,1,1,2,2,2,2,2,2,2,2,2
1,1,1,2,2,2,2,2,2,2,2,2
1,1,1,2,2,2,2,2,2,2,2,2
1,1,1,2,2,2,2,2,2,2,2,2
1,1,1,2,2,2,2,2,2,2,2,2
1,1,1,2,2,2,2,2,2,2,2,2
1,1,1,2,2,2,2,2,2,2,2,2
1,1,1,2,2,2,2,2,2,2,2,2
1,1,1,2,2,2,2,2,2,2,2,2
1,1,1,2,2,2,2,2,2,2,2,2
1,1,1,2,2,2,2,2,2,2,2,2
1,1,1,2,2,2,2,2,2,2,2,2
1,1,1,2,2,2,2,2,2,2,2,2
1,1,1,2,2,2,2,2,2,2,2,2
1,1,1,2,2,2,2,2,2,2,2,2
1,1,1,2,2,2,2,2,2,2,2,2
1,1,1,2,2,2,2,2,2,2,2,2
1,1,1,2,2,2,2,2,2,2,2,2
1,1,1,2,2,2,2,2,2,2,2,2
1,1,1,2,2,2,2,2,2,2,2,2
1,1,1,2,2,2,2,2,2,2,2,2
1,1,1,2,2,2,2,2,2,2,2,2
1,1,1,2,2,2,2,2,2,2,2,2
1,1,1,2,2,2,2,2,2,2,2,2
1,1,1,2,2,2,2,2,2,2,2,2
1,1,1,2,2,2,2,2,2,2,2,2
1,1,1,2,2,2,2,2,2,2,2,2
1,1,1,2,2,2,2,2,2,2,2,2
1,1,1,2,2,2,2,2,2,2,2,2
1,1,1,2,2,2,2,2,2,2,2,2
1,1,1,2,2,2,2,2,2,2,2,2
1,1,1,2,2,2,2,2,2,2,2,2
1,1,1,2,2,2,2,2,2,2,2,2
1,1,1,2,2,2,2,2,2,2,2,2
1,1,1,2,2,2,2,2,2,2,2,2
1,1,1,2,2,2,2,2,2,2,2,2
1,1,1,2,2,2,2,2,2,2,2,2
2,1,1,2,2,2,2,2,2,2,2,2
2,1,1,2,2,2,2,2,2,2,2,2
2,1,1,2,2,2,2,2,2,2,2,2
2,1,1,2,2,2,2,2,2,2,2,2
2,1,1,2,2,2,2,2,2,2,2,2
2,1,1,2,2,2,2,2,2,2,2,2
2,1,1,2,2,2,2,2,2,2,2,2
2,1,1,2,2,2,2,2,2,2,2,2
2,1,1,2,2,2,2,2,2,2,2,2
2,1,1,2,2,2,2,2,2,2,2,2
2,1,1,2,2,2,2,2,2,2,2,2
2,1,1,2,2,2,2,2,2,2,2,2
2,1,1,2,2,2,2,2,2,2,2,2
2,1,1,2,2,2,2,2,2,2,2,2
2,1,1,2,2,2,2,2,2,2,2,2
2,1,1,2,2,2,2,2,2,2,2,2
2,1,1,2,2,2,2,2,2,2,2,2
2,1,1,2,2,2,2,2,2,2,2,2
2,1,1,2,2,2,2,2,2,2,2,2
2,1,1,2,2,2,2,2,2,2,2,2
2,1,1,2,2,2,2,2,2,2,2,2
2,1,1,2,2,2,2,2,2,2,2,2
2,1,1,2,2,2,2,2,2,2,2,2
2,1,1,2,2,2,2,2,2,2,2,2
2,1,1,2,2,2,2,2,2,2,2,2
2,1,1,2,2,2,2,2,2,2,2,2
2,1,1,2,2,2,2,2,2,2,2,2
2,1,1,2,2,2,2,2,2,2,2,2
2,1,1,2,2,2,2,2,2,2,2,2
2,1,1,2,2,2,2,2,2,2,2,2
2,1,1,2,2,2,2,2,2,2,2,2
2,1,1,2,2,2,2,2,2,2,2,2
2,1,1,2,2,2,2,2,2,2,2,2
2,1,1,2,2,2,2,2,2,2,2,2
2,1,1,2,2,2,2,2,2,2,2,2
2,1,1,2,2,2,2,2,2,2,2,2
2,1,1,2,2,2,2,2,2,2,2,2
2,1,1,2,2,2,2,2,2,2,2,2
2,1,1,2,2,2,2,2,2,2,2,2
2,1,1,2,2,2,2,2,2,2,2,2
2,1,1,2,2,2,2,2,2,2,2,2
2,1,1,2,2,2,2,2,2,2,2,2
2,1,1,2,2,2,2,2,2,2,2,2
2,1,1,2,2,2,2,2,2,2,2,2
2,1,1,2,2,2,2,2,2,2,2,2
2,1,1,2,2,2,2,2,2,2,2,2
2,1,1,2,2,2,2,2,2,2,2,2
2,1,1,2,2,2,2,2,2,2,2,2
2,1,1,2,2,2,2,2,2,2,2,2
2,1,1,2,2,2,2,2,2,2,2,2
2,1,1,2,2,2,2,2,2,2,2,2
2,1,1,2,2,2,2,2,2,2,2,2
2,1,1,2,2,2,2,2,2,2,2,2
2,1,1,2,2,2,2,2,2,2,2,2
2,1,1,2,2,2,2,2,2,2,2,2
2,1,1,2,2,2,2,2,2,2,2,2
2,1,1,2,2,2,2,2,2,2,2,2
2,1,1,2,2,2,2,2,2,2,2,2
2,1,1,2,2,2,2,2,2,2,2,2
2,1,1,2,2,2,2,2,2,2,2,2
2,1,1,2,2,2,2,2,2,2,2,2
2,1,1,2,2,2,2,2,2,2,2,2
2,1,1,2,2,2,2,2,2,2,2,2
2,1,1,2,2,2,2,2,2,2,2,2
2,1,1,2,2,2,2,2,2,2,2,2
2,1,1,2,2,2,2,2,2,2,2,2
2,1,1,2,2,2,2,2,2,2,2,2
2,1,1,2,2,2,2,2,2,2,2,2
2,1,1,2,2,2,2,2,2,2,2,2
2,1,1,2,2,2,2,2,2,2,2,2
2,1,1,2,2,2,2,2,2,2,2,2
2,1,1,2,2,2,2,2,2,2,2,2
2,1,1,2,2,2,2,2,2,2,2,2
2,1,1,2,2,2,2,2,2,2,2,2
2,1,1,2,2,2,2,2,2,2,2,2
2,1,1,2,2,2,2,2,2,2,2,2
2,1,1,2,2,2,2,2,2,2,2,2
2,1,1,2,2,2,2,2,2,2,2,2
2,1,1,2,2,2,2,2,2,2,2,2
2,1,1,2,2,2,2,2,2,2,2,2
2,1,1,2,2,2,2,2,2,2,2,2
2,1,1,2,2,2,2,2,2,2,2,2
2,1,1,2,2,2,2,2,2,2,2,2
2,1,1,2,2,2,2,2,2,2,2,2
2,1,1,2,2,2,2,2,2,2,2,2
2,1,1,2,2,2,2,2,2,2,2,2
2,1,1,2,2,2,2,2,2,2,2,2
2,1,1,2,2,2,2,2,2,2,2,2
2,1,1,2,2,2,2,2,2,2,2,2
2,1,1,2,2,2,2,2,2,2,2,2
2,1,1,2,2,2,2,2,2,2,2,2
2,1,1,2,2,2,2,2,2,2,2,2
2,1,1,2,2,2,2,2,2,2,2,2
2,1,1,2,2,2,2,2,2,2,2,2
2,1,1,2,2,2,2,2,2,2,2,2
2,1,1,2,2,2,2,2,2,2,2,2
2,1,1,2,2,2,2,2,2,2,2,2
2,1,1,2,2,2,2,2,2,2,2,2
2,1,1,2,2,2,2,2,2,2,2,2
2,1,1,2,2,2,2,2,2,2,2,2
2,1,1,2,2,2,2,2,2,2,2,2
2,1,1,2,2,2,2,2,2,2,2,2
2,1,1,2,2,2,2,2,2,2,2,2
2,1,1,2,2,2,2,2,2,2,2,2
2,1,1,2,2,2,2,2,2,2,2,2
2,1,1,2,2,2,2,2,2,2,2,2
2,1,1,2,2,2,2,2,2,2,2,2
2,1,1,2,2,2,2,2,2,2,2,2
2,1,1,2,2,2,2,2,2,2,2,2
2,1,1,2,2,2,2,2,2,2,2,2
2,1,1,2,2,2,2,2,2,2,2,2
2,1,1,2,2,2,2,2,2,2,2,2
2,1,1,2,2,2,2,2,2,2,2,2
2,1,1,2,2,2,2,2,2,2,2,2
2,1,1,2,2,2,2,2,2,2,2,2
2,1,1,2,2,2,2,2,2,2,2,2
2,1,1,2,2,2,2,2,2,2,2,2
2,1,1,2,2,2,2,2,2,2,2,2
2,1,1,2,2,2,2,2,2,2,2,2
2,1,1,2,2,2,2,2,2,2,2,2
2,1,1,2,2,2,2,2,2,2,2,2
2,1,1,2,2,2,2,2,2,2,2,2
2,1,1,2,2,2,2,2,2,2,2,2
2,1,1,2,2,2,2,2,2,2,2,2
2,1,1,2,2,2,2,2,2,2,2,2
2,1,1,2,2,2,2,2,2,2,2,2
2,1,1,2,2,2,2,2,2,2,2,2
2,1,1,2,2,2,2,2,2,2,2,2
2,1,1,2,2,2,2,2,2,2,2,2
2,1,1,2,2,2,2,2,2,2,2,2
2,1,1,2,2,2,2,2,2,2,2,2
2,1,1,2,2,2,2,2,2,2,2,2
2,1,1,2,2,2,2,2,2,2,2,2
2,1,1,2,2,2,2,2,2,2,2,2
2,1,1,2,2,2,2,2,2,2,2,2
2,1,1,2,2,2,2,2,2,2,2,2
2,1,1,2,2,2,2,2,2,2,2,2
2,1,1,2,2,2,2,2,2,2,2,2
2,1,1,2,2,2,2,2,2,2,2,2
2,1,1,2,2,2,2,2,2,2,2,2
2,1,1,2,2,2,2,2,2,2,2,2
2,1,1,2,2,2,2,2,2,2,2,2
2,1,1,2,2,2,2,2,2,2,2,2
2,1,1,2,2,2,2,2,2,2,2,2
2,1,1,2,2,2,2,2,2,2,2,2
2,1,1,2,2,2,2,2,2,2,2,2
2,1,1,2,2,2,2,2,2,2,2,2
2,1,1,2,2,2,2,2,2,2,2,2
2,1,1,2,2,2,2,2,2,2,2,2
2,1,1,2,2,2,2,2,2,2,2,2
2,1,1,2,2,2,2,2,2,2,2,2
2,1,1,2,2,2,2,2,2,2,2,2
2,1,1,2,2,2,2,2,2,2,2,2
2,1,1,2,2,2,2,2,2,2,2,2
2,1,1,2,2,2,2,2,2,2,2,2
2,1,1,2,2,2,2,2,2,2,2,2
2,1,1,2,2,2,2,2,2,2,2,2
2,1,1,2,2,2,2,2,2,2,2,2
2,1,1,2,2,2,2,2,2,2,2,2
2,1,1,2,2,2,2,2,2,2,2,2
2,1,1,2,2,2,2,2,2,2,2,2
2,1,1,2,2,2,2,2,2,2,2,2
2,1,1,2,2,2,2,2,2,2,2,2
2,1,1,2,2,2,2,2,2,2,2,2
2,1,1,2,2,2,2,2,2,2,2,2
2,1,1,2,2,2,2,2,2,2,2,2
2,1,1,2,2,2,2,2,2,2,2,2
2,1,1,2,2,2,2,2,2,2,2,2
2,1,1,2,2,2,2,2,2,2,2,2
2,1,1,2,2,2,2,2,2,2,2,2
2,1,1,2,2,2,2,2,2,2,2,2
2,1,1,2,2,2,2,2,2,2,2,2
2,1,1,2,2,2,2,2,2,2,2,2
2,1,1,2,2,2,2,2,2,2,2,2
2,1,1,2,2,2,2,2,2,2,2,2
2,1,1,2,2,2,2,2,2,2,2,2
2,1,1,2,2,2,2,2,2,2,2,2
2,1,1,2,2,2,2,2,2,2,2,2
2,1,1,2,2,2,2,2,2,2,2,2
2,1,1,2,2,2,2,2,2,2,2,2
2,1,1,2,2,2,2,2,2,2,2,2
2,1,1,2,2,2,2,2,2,2,2,2
2,1,1,2,2,2,2,2,2,2,2,2
2,1,1,2,2,2,2,2,2,2,2,2
2,1,1,2,2,2,2,2,2,2,2,2
2,1,1,2,2,2,2,2,2,2,2,2
2,1,1,2,2,2,2,2,2,2,2,2
2,1,1,2,2,2,2,2,2,2,2,2
2,1,1,2,2,2,2,2,2,2,2,2
2,1,1,2,2,2,2,2,2,2,2,2
2,1,1,2,2,2,2,2,2,2,2,2
2,1,1,2,2,2,2,2,2,2,2,2
2,1,1,2,2,2,2,2,2,2,2,2
2,1,1,2,2,2,2,2,2,2,2,2
2,1,1,2,2,2,2,2,2,2,2,2
2,1,1,2,2,2,2,2,2,2,2,2
2,1,1,2,2,2,2,2,2,2,2,2
2,1,1,2,2,2,2,2,2,2,2,2
2,1,1,2,2,2,2,2,2,2,2,2
2,1,1,2,2,2,2,2,2,2,2,2
2,1,1,2,2,2,2,2,2,2,2,2
2,1,1,2,2,2,2,2,2,2,2,2
2,1,1,2,2,2,2,2,2,2,2,2
2,1,1,2,2,2,2,2,2,2,2,2
2,1,1,2,2,2,2,2,2,2,2,2
2,1,1,2,2,2,2,2,2,2,2,2
2,1,1,2,2,2,2,2,2,2,2,2
2,1,1,2,2,2,2,2,2,2,2,2
2,1,1,2,2,2,2,2,2,2,2,2
2,1,1,2,2,2,2,2,2,2,2,2
2,1,1,2,2,2,2,2,2,2,2,2
2,1,1,2,2,2,2,2,2,2,2,2
2,1,1,2,2,2,2,2,2,2,2,2
2,1,1,2,2,2,2,2,2,2,2,2
2,1,1,2,2,2,2,2,2,2,2,2
2,1,1,2,2,2,2,2,2,2,2,2
2,1,1,2,2,2,2,2,2,2,2,2
2,1,1,2,2,2,2,2,2,2,2,2
2,1,1,2,2,2,2,2,2,2,2,2
2,1,1,2,2,2,2,2,2,2,2,2
2,1,1,2,2,2,2,2,2,2,2,2
2,1,1,2,2,2,2,2,2,2,2,2
2,1,1,2,2,2,2,2,2,2,2,2
2,1,1,2,2,2,2,2,2,2,2,2
2,1,1,2,2,2,2,2,2,2,2,2
2,1,1,2,2,2,2,2,2,2,2,2
2,1,1,2,2,2,2,2,2,2,2,2
2,1,1,2,2,2,2,2,2,2,2,2
2,1,1,2,2,2,2,2,2,2,2,2
2,1,1,2,2,2,2,2,2,2,2,2
2,1,1,2,2,2,2,2,2,2,2,2
2,1,1,2,2,2,2,2,2,2,2,2
2,1,1,2,2,2,2,2,2,2,2,2
2,1,1,2,2,2,2,2,2,2,2,2
2,1,1,2,2,2,2,2,2,2,2,2
2,1,1,2,2,2,2,2,2,2,2,2
2,1,1,2,2,2,2,2,2,2,2,2
2,1,1,2,2,2,2,2,2,2,2,2
2,1,1,2,2,2,2,2,2,2,2,2
2,1,1,2,2,2,2,2,2,2,2,2
2,1,1,2,2,2,2,2,2,2,2,2
2,1,1,2,2,2,2,2,2,2,2,2
2,1,1,2,2,2,2,2,2,2,2,2
2,1,1,2,2,2,2,2,2,2,2,2
2,1,1,2,2,2,2,2,2,2,2,2
2,1,1,2,2,2,2,2,2,2,2,2
2,1,1,2,2,2,2,2,2,2,2,2
2,1,1,2,2,2,2,2,2,2,2,2
2,1,1,2,2,2,2,2,2,2,2,2
2,1,1,2,2,2,2,2,2,2,2,2
2,1,1,2,2,2,2,2,2,2,2,2
2,1,1,2,2,2,2,2,2,2,2,2
2,1,1,2,2,2,2,2,2,2,2,2
2,1,1,2,2,2,2,2,2,2,2,2
2,1,1,2,2,2,2,2,2,2,2,2
2,1,1,2,2,2,2,2,2,2,2,2
2,1,1,2,2,2,2,2,2,2,2,2
2,1,1,2,2,2,2,2,2,2,2,2
2,1,1,2,2,2,2,2,2,2,2,2
2,1,1,2,2,2,2,2,2,2,2,2
2,1,1,2,2,2,2,2,2,2,2,2
2,1,1,2,2,2,2,2,2,2,2,2
2,1,1,2,2,2,2,2,2,2,2,2
2,1,1,2,2,2,2,2,2,2,2,2
2,1,1,2,2,2,2,2,2,2,2,2
2,1,1,2,2,2,2,2,2,2,2,2
2,1,1,2,2,2,2,2,2,2,2,2
2,1,1,2,2,2,2,2,2,2,2,2
2,1,1,2,2,2,2,2,2,2,2,2
2,1,1,2,2,2,2,2,2,2,2,2
2,1,1,2,2,2,2,2,2,2,2,2
2,1,1,2,2,2,2,2,2,2,2,2
2,1,1,2,2,2,2,2,2,2,2,2
2,1,1,2,2,2,2,2,2,2,2,2
2,1,1,2,2,2,2,2,2,2,2,2
2,1,1,2,2,2,2,2,2,2,2,2
2,1,1,2,2,2,2,2,2,2,2,2
2,1,1,2,2,2,2,2,2,2,2,2
2,1,1,2,2,2,2,2,2,2,2,2
2,1,1,2,2,2,2,2,2,2,2,2
2,1,1,2,2,2,2,2,2,2,2,2
2,1,1,2,2,2,2,2,2,2,2,2
2,1,1,2,2,2,2,2,2,2,2,2
2,1,1,2,2,2,2,2,2,2,2,2
2,1,1,2,2,2,2,2,2,2,2,2
2,1,1,2,2,2,2,2,2,2,2,2
2,1,1,2,2,2,2,2,2,2,2,2
2,1,1,2,2,2,2,2,2,2,2,2
2,1,1,2,2,2,2,2,2,2,2,2
2,1,1,2,2,2,2,2,2,2,2,2
2,1,1,2,2,2,2,2,2,2,2,2
2,1,1,2,2,2,2,2,2,2,2,2
2,1,1,2,2,2,2,2,2,2,2,2
2,1,1,2,2,2,2,2,2,2,2,2
2,1,1,2,2,2,2,2,2,2,2,2
2,1,1,2,2,2,2,2,2,2,2,2
2,1,1,2,2,2,2,2,2,2,2,2
2,1,1,2,2,2,2,2,2,2,2,2
2,1,1,2,2,2,2,2,2,2,2,2
2,1,1,2,2,2,2,2,2,2,2,2
2,1,1,2,2,2,2,2,2,2,2,2
2,1,1,2,2,2,2,2,2,2,2,2
2,1,1,2,2,2,2,2,2,2,2,2
2,1,1,2,2,2,2,2,2,2,2,2
2,1,1,2,2,2,2,2,2,2,2,2
2,1,1,2,2,2,2,2,2,2,2,2
2,1,1,2,2,2,2,2,2,2,2,2
2,1,1,2,2,2,2,2,2,2,2,2
2,1,1,2,2,2,2,2,2,2,2,2
2,1,1,2,2,2,2,2,2,2,2,2
2,1,1,2,2,2,2,2,2,2,2,2
2,1,1,2,2,2,2,2,2,2,2,2
2,1,1,2,2,2,2,2,2,2,2,2
2,1,1,2,2,2,2,2,2,2,2,2
2,1,1,2,2,2,2,2,2,2,2,2
2,1,1,2,2,2,2,2,2,2,2,2
2,1,1,2,2,2,2,2,2,2,2,2
2,1,1,2,2,2,2,2,2,2,2,2
2,1,1,2,2,2,2,2,2,2,2,2
2,1,1,2,2,2,2,2,2,2,2,2
2,1,1,2,2,2,2,2,2,2,2,2
2,1,1,2,2,2,2,2,2,2,2,2
2,1,1,2,2,2,2,2,2,2,2,2
2,1,1,2,2,2,2,2,2,2,2,2
2,1,1,2,2,2,2,2,2,2,2,2
2,1,1,2,2,2,2,2,2,2,2,2
2,1,1,2,2,2,2,2,2,2,2,2
2,1,1,2,2,2,2,2,2,2,2,2
2,1,1,2,2,2,2,2,2,2,2,2
2,1,1,2,2,2,2,2,2,2,2,2
2,1,1,2,2,2,2,2,2,2,2,2
2,1,1,2,2,2,2,2,2,2,2,2
2,1,1,2,2,2,2,2,2,2,2,2
2,1,1,2,2,2,2,2,2,2,2,2
2,1,1,2,2,2,2,2,2,2,2,2
2,1,1,2,2,2,2,2,2,2,2,2
2,1,1,2,2,2,2,2,2,2,2,2
2,1,1,2,2,2,2,2,2,2,2,2
2,1,1,2,2,2,2,2,2,2,2,2
2,1,1,2,2,2,2,2,2,2,2,2
2,1,1,2,2,2,2,2,2,2,2,2
2,1,1,2,2,2,2,2,2,2,2,2
2,1,1,2,2,2,2,2,2,2,2,2
2,1,1,2,2,2,2,2,2,2,2,2
2,1,1,2,2,2,2,2,2,2,2,2
2,1,1,2,2,2,2,2,2,2,2,2
2,1,1,2,2,2,2,2,2,2,2,2
2,1,1,2,2,2,2,2,2,2,2,2
2,1,1,2,2,2,2,2,2,2,2,2
2,1,1,2,2,2,2,2,2,2,2,2
2,1,1,2,2,2,2,2,2,2,2,2
2,1,1,2,2,2,2,2,2,2,2,2
2,1,1,2,2,2,2,2,2,2,2,2
2,1,1,2,2,2,2,2,2,2,2,2
2,1,1,2,2,2,2,2,2,2,2,2
2,1,1,2,2,2,2,2,2,2,2,2
2,1,1,2,2,2,2,2,2,2,2,2
2,1,1,2,2,2,2,2,2,2,2,2
2,1,1,2,2,2,2,2,2,2,2,2
2,1,1,2,2,2,2,2,2,2,2,2
2,1,1,2,2,2,2,2,2,2,2,2
2,1,1,2,2,2,2,2,2,2,2,2
2,1,1,2,2,2,2,2,2,2,2,2
2,1,1,2,2,2,2,2,2,2,2,2
2,1,1,2,2,2,2,2,2,2,2,2
2,1,1,2,2,2,2,2,2,2,2,2
2,1,1,2,2,2,2,2,2,2,2,2
2,1,1,2,2,2,2,2,2,2,2,2
2,1,1,2,2,2,2,2,2,2,2,2
2,1,1,2,2,2,2,2,2,2,2,2
2,1,1,2,2,2,2,2,2,2,2,2
2,1,1,2,2,2,2,2,2,2,2,2
2,1,1,2,2,2,2,2,2,2,2,2
2,1,1,2,2,2,2,2,2,2,2,2
2,1,1,2,2,2,2,2,2,2,2,2
2,1,1,2,2,2,2,2,2,2,2,2
2,1,1,2,2,2,2,2,2,2,2,2
2,1,1,2,2,2,2,2,2,2,2,2
2,1,1,2,2,2,2,2,2,2,2,2
2,1,1,2,2,2,2,2,2,2,2,2
2,1,1,2,2,2,2,2,2,2,2,2
2,1,1,2,2,2,2,2,2,2,2,2
2,1,1,2,2,2,2,2,2,2,2,2
2,1,1,2,2,2,2,2,2,2,2,2
2,1,1,2,2,2,2,2,2,2,2,2
2,1,1,2,2,2,2,2,2,2,2,2
2,1,1,2,2,2,2,2,2,2,2,2
2,1,1,2,2,2,2,2,2,2,2,2
2,1,1,2,2,2,2,2,2,2,2,2
2,1,1,2,2,2,2,2,2,2,2,2
2,1,1,2,2,2,2,2,2,2,2,2
2,1,1,2,2,2,2,2,2,2,2,2
2,1,1,2,2,2,2,2,2,2,2,2
2,1,1,2,2,2,2,2,2,2,2,2
2,1,1,2,2,2,2,2,2,2,2,2
2,1,1,2,2,2,2,2,2,2,2,2
2,1,1,2,2,2,2,2,2,2,2,2
2,1,1,2,2,2,2,2,2,2,2,2
2,1,1,2,2,2,2,2,2,2,2,2
2,1,1,2,2,2,2,2,2,2,2,2
2,1,1,2,2,2,2,2,2,2,2,2
2,1,1,2,2,2,2,2,2,2,2,2
2,1,1,2,2,2,2,2,2,2,2,2
2,1,1,2,2,2,2,2,2,2,2,2
2,1,1,2,2,2,2,2,2,2,2,2
2,1,1,2,2,2,2,2,2,2,2,2
2,1,1,2,2,2,2,2,2,2,2,2
2,1,1,2,2,2,2,2,2,2,2,2
2,1,1,2,2,2,2,2,2,2,2,2
2,1,1,2,2,2,2,2,2,2,2,2
2,1,1,2,2,2,2,2,2,2,2,2
2,1,1,2,2,2,2,2,2,2,2,2
2,1,1,2,2,2,2,2,2,2,2,2
2,1,1,2,2,2,2,2,2,2,2,2
2,1,1,2,2,2,2,2,2,2,2,2
2,1,1,2,2,2,2,2,2,2,2,2
2,1,1,2,2,2,2,2,2,2,2,2
2,1,1,2,2,2,2,2,2,2,2,2
2,1,1,2,2,2,2,2,2,2,2,2
2,1,1,2,2,2,2,2,2,2,2,2
2,1,1,2,2,2,2,2,2,2,2,2
2,1,1,2,2,2,2,2,2,2,2,2
2,1,1,2,2,2,2,2,2,2,2,2
2,1,1,2,2,2,2,2,2,2,2,2
2,1,1,2,2,2,2,2,2,2,2,2
2,1,1,2,2,2,2,2,2,2,2,2
2,1,1,2,2,2,2,2,2,2,2,2
2,1,1,2,2,2,2,2,2,2,2,2
2,1,1,2,2,2,2,2,2,2,2,2
2,1,1,2,2,2,2,2,2,2,2,2
2,1,1,2,2,2,2,2,2,2,2,2
2,1,1,2,2,2,2,2,2,2,2,2
2,1,1,2,2,2,2,2,2,2,2,2
2,1,1,2,2,2,2,2,2,2,2,2
2,1,1,2,2,2,2,2,2,2,2,2
2,1,1,2,2,2,2,2,2,2,2,2
2,1,1,2,2,2,2,2,2,2,2,2
2,2,1,2,2,2,2,2,2,2,2,2
2,2,1,2,2,2,2,2,2,2,2,2
2,2,1,2,2,2,2,2,2,2,2,2
2,2,1,2,2,2,2,2,2,2,2,2
2,2,1,2,2,2,2,2,2,2,2,2
2,2,1,2,2,2,2,2,2,2,2,2
2,2,1,2,2,2,2,2,2,2,2,2
2,2,1,2,2,2,2,2,2,2,2,2
2,2,1,2,2,2,2,2,2,2,2,2
2,2,1,2,2,2,2,2,2,2,2,2
2,2,1,2,2,2,2,2,2,2,2,2
2,2,1,2,2,2,2,2,2,2,2,2
2,2,1,2,2,2,2,2,2,2,2,2
2,2,1,2,2,2,2,2,2,2,2,2
2,2,1,2,2,2,2,2,2,2,2,2
2,2,1,2,2,2,2,2,2,2,2,2
2,2,1,2,2,2,2,2,2,2,2,2
2,2,1,2,2,2,2,2,2,2,2,2
2,2,1,2,2,2,2,2,2,2,2,2
2,2,1,2,2,2,2,2,2,2,2,2
2,2,1,2,2,2,2,2,2,2,2,2
2,2,1,2,2,2,2,2,2,2,2,2
2,2,1,2,2,2,2,2,2,2,2,2
2,2,1,2,2,2,2,2,2,2,2,2
2,2,1,2,2,2,2,2,2,2,2,2
2,2,1,2,2,2,2,2,2,2,2,2
2,2,1,2,2,2,2,2,2,2,2,2
2,2,1,2,2,2,2,2,2,2,2,2
2,2,1,2,2,2,2,2,2,2,2,2
2,2,1,2,2,2,2,2,2,2,2,2
2,2,1,2,2,2,2,2,2,2,2,2
2,2,1,2,2,2,2,2,2,2,2,2
2,2,1,2,2,2,2,2,2,2,2,2
2,2,1,2,2,2,2,2,2,2,2,2
2,2,1,2,2,2,2,2,2,2,2,2
2,2,1,2,2,2,2,2,2,2,2,2
2,2,1,2,2,2,2,2,2,2,2,2
2,2,1,2,2,2,2,2,2,2,2,2
2,2,1,2,2,2,2,2,2,2,2,2
2,2,1,2,2,2,2,2,2,2,2,2
2,2,1,2,2,2,2,2,2,2,2,2
2,2,1,2,2,2,2,2,2,2,2,2
2,2,1,2,2,2,2,2,2,2,2,2
2,2,1,2,2,2,2,2,2,2,2,2
2,2,1,2,2,2,2,2,2,2,2,2
2,2,1,2,2,2,2,2,2,2,2,2
2,2,1,2,2,2,2,2,2,2,2,2
2,2,1,2,2,2,2,2,2,2,2,2
2,2,1,2,2,2,2,2,2,2,2,2
2,2,1,2,2,2,2,2,2,2,2,2
2,2,1,2,2,2,2,2,2,2,2,2
2,2,1,2,2,2,2,2,2,2,2,2
2,2,1,2,2,2,2,2,2,2,2,2
2,2,1,2,2,2,2,2,2,2,2,2
2,2,1,2,2,2,2,2,2,2,2,2
2,2,1,2,2,2,2,2,2,2,2,2
2,2,1,2,2,2,2,2,2,2,2,2
2,2,1,2,2,2,2,2,2,2,2,2
2,2,1,2,2,2,2,2,2,2,2,2
2,2,1,2,2,2,2,2,2,2,2,2
2,2,1,2,2,2,2,2,2,2,2,2
2,2,1,2,2,2,2,2,2,2,2,2
2,2,1,2,2,2,2,2,2,2,2,2
2,2,1,2,2,2,2,2,2,2,2,2
2,2,1,2,2,2,2,2,2,2,2,2
2,2,1,2,2,2,2,2,2,2,2,2
2,2,1,2,2,2,2,2,2,2,2,2
2,2,1,2,2,2,2,2,2,2,2,2
2,2,1,2,2,2,2,2,2,2,2,2
2,2,1,2,2,2,2,2,2,2,2,2
2,2,1,2,2,2,2,2,2,2,2,2
2,2,1,2,2,2,2,2,2,2,2,2
2,2,1,2,2,2,2,2,2,2,2,2
2,2,1,2,2,2,2,2,2,2,2,2
2,2,1,2,2,2,2,2,2,2,2,2
2,2,1,2,2,2,2,2,2,2,2,2
2,2,1,2,2,2,2,2,2,2,2,2
2,2,1,2,2,2,2,2,2,2,2,2
2,2,1,2,2,2,2,2,2,2,2,2
2,2,1,2,2,2,2,2,2,2,2,2
2,2,1,2,2,2,2,2,2,2,2,2
2,2,1,2,2,2,2,2,2,2,2,2
2,2,1,2,2,2,2,2,2,2,2,2
2,2,1,2,2,2,2,2,2,2,2,2
2,2,1,2,2,2,2,2,2,2,2,2
2,2,1,2,2,2,2,2,2,2,2,2
2,2,1,2,2,2,2,2,2,2,2,2
2,2,1,2,2,2,2,2,2,2,2,2
2,2,1,2,2,2,2,2,2,2,2,2
2,2,1,2,2,2,2,2,2,2,2,2
2,2,1,2,2,2,2,2,2,2,2,2
2,2,1,2,2,2,2,2,2,2,2,2
2,2,1,2,2,2,2,2,2,2,2,2
2,2,1,2,2,2,2,2,2,2,2,2
2,2,1,2,2,2,2,2,2,2,2,2
2,2,1,2,2,2,2,2,2,2,2,2
2,2,1,2,2,2,2,2,2,2,2,2
2,2,1,2,2,2,2,2,2,2,2,2
2,2,1,2,2,2,2,2,2,2,2,2
2,2,1,2,2,2,2,2,2,2,2,2
2,2,1,2,2,2,2,2,2,2,2,2
2,2,1,2,2,2,2,2,2,2,2,2
2,2,1,2,2,2,2,2,2,2,2,2
2,2,1,2,2,2,2,2,2,2,2,2
2,2,1,2,2,2,2,2,2,2,2,2
2,2,1,2,2,2,2,2,2,2,2,2
2,2,1,2,2,2,2,2,2,2,2,2
2,2,1,2,2,2,2,2,2,2,2,2
2,2,1,2,2,2,2,2,2,2,2,2
2,2,1,2,2,2,2,2,2,2,2,2
2,2,1,2,2,2,2,2,2,2,2,2
2,2,1,2,2,2,2,2,2,2,2,2
2,2,1,2,2,2,2,2,2,2,2,2
2,2,1,2,2,2,2,2,2,2,2,2
2,2,1,2,2,2,2,2,2,2,2,2
2,2,1,2,2,2,2,2,2,2,2,2
2,2,1,2,2,2,2,2,2,2,2,2
2,2,1,2,2,2,2,2,2,2,2,2
2,2,1,2,2,2,2,2,2,2,2,2
2,2,1,2,2,2,2,2,2,2,2,2
2,2,1,2,2,2,2,2,2,2,2,2
2,2,1,2,2,2,2,2,2,2,2,2
2,2,1,2,2,2,2,2,2,2,2,2
2,2,1,2,2,2,2,2,2,2,2,2
2,2,1,2,2,2,2,2,2,2,2,2
2,2,1,2,2,2,2,2,2,2,2,2
2,2,1,2,2,2,2,2,2,2,2,2
2,2,1,2,2,2,2,2,2,2,2,2
2,2,1,2,2,2,2,2,2,2,2,2
2,2,1,2,2,2,2,2,2,2,2,2
2,2,1,2,2,2,2,2,2,2,2,2
2,2,1,2,2,2,2,2,2,2,2,2
2,2,1,2,2,2,2,2,2,2,2,2
2,2,1,2,2,2,2,2,2,2,2,2
2,2,1,2,2,2,2,2,2,2,2,2
2,2,1,2,2,2,2,2,2,2,2,2
2,2,1,2,2,2,2,2,2,2,2,2
2,2,1,2,2,2,2,2,2,2,2,2
2,2,1,2,2,2,2,2,2,2,2,2
2,2,1,2,2,2,2,2,2,2,2,2
2,2,1,2,2,2,2,2,2,2,2,2
2,2,1,2,2,2,2,2,2,2,2,2
2,2,1,2,2,2,2,2,2,2,2,2
2,2,1,2,2,2,2,2,2,2,2,2
2,2,1,2,2,2,2,2,2,2,2,2
2,2,1,2,2,2,2,2,2,2,2,2
2,2,1,2,2,2,2,2,2,2,2,2
2,2,1,2,2,2,2,2,2,2,2,2
2,2,1,2,2,2,2,2,2,2,2,2
2,2,1,2,2,2,2,2,2,2,2,2
2,2,1,2,2,2,2,2,2,2,2,2
2,2,1,2,2,2,2,2,2,2,2,2
2,2,1,2,2,2,2,2,2,2,2,2
2,2,1,2,2,2,2,2,2,2,2,2
2,2,1,2,2,2,2,2,2,2,2,2
2,2,1,2,2,2,2,2,2,2,2,2
2,2,1,2,2,2,2,2,2,2,2,2
2,2,1,2,2,2,2,2,2,2,2,2
2,2,1,2,2,2,2,2,2,2,2,2
2,2,1,2,2,2,2,2,2,2,2,2
2,2,1,2,2,2,2,2,2,2,2,2
2,2,1,2,2,2,2,2,2,2,2,2
2,2,1,2,2,2,2,2,2,2,2,2
2,2,1,2,2,2,2,2,2,2,2,2
2,2,1,2,2,2,2,2,2,2,2,2
2,2,1,2,2,2,2,2,2,2,2,2
2,2,1,2,2,2,2,2,2,2,2,2
2,2,1,2,2,2,2,2,2,2,2,2
2,2,1,2,2,2,2,2,2,2,2,2
2,2,1,2,2,2,2,2,2,2,2,2
2,2,1,2,2,2,2,2,2,2,2,2
2,2,1,2,2,2,2,2,2,2,2,2
2,2,1,2,2,2,2,2,2,2,2,2
2,2,1,2,2,2,2,2,2,2,2,2
2,2,1,2,2,2,2,2,2,2,2,2
2,2,1,2,2,2,2,2,2,2,2,2
2,2,1,2,2,2,2,2,2,2,2,2
2,2,1,2,2,2,2,2,2,2,2,2
2,2,1,2,2,2,2,2,2,2,2,2
2,2,1,2,2,2,2,2,2,2,2,2
2,2,1,2,2,2,2,2,2,2,2,2
2,2,1,2,2,2,2,2,2,2,2,2
2,2,1,2,2,2,2,2,2,2,2,2
2,2,1,2,2,2,2,2,2,2,2,2
2,2,1,2,2,2,2,2,2,2,2,2
2,2,1,2,2,2,2,2,2,2,2,2
2,2,1,2,2,2,2,2,2,2,2,2
2,2,1,2,2,2,2,2,2,2,2,2
2,2,1,2,2,2,2,2,2,2,2,2
2,2,1,2,2,2,2,2,2,2,2,2
2,2,1,2,2,2,2,2,2,2,2,2
2,2,1,2,2,2,2,2,2,2,2,2
2,2,1,2,2,2,2,2,2,2,2,2
2,2,1,2,2,2,2,2,2,2,2,2
2,2,1,2,2,2,2,2,2,2,2,2
2,2,1,2,2,2,2,2,2,2,2,2
2,2,1,2,2,2,2,2,2,2,2,2
2,2,1,2,2,2,2,2,2,2,2,2
2,2,1,2,2,2,2,2,2,2,2,2
2,2,1,2,2,2,2,2,2,2,2,2
2,2,1,2,2,2,2,2,2,2,2,2
2,2,1,2,2,2,2,2,2,2,2,2
2,2,1,2,2,2,2,2,2,2,2,2
2,2,1,2,2,2,2,2,2,2,2,2
2,2,1,2,2,2,2,2,2,2,2,2
2,2,1,2,2,2,2,2,2,2,2,2
2,2,1,2,2,2,2,2,2,2,2,2
2,2,1,2,2,2,2,2,2,2,2,2
2,2,1,2,2,2,2,2,2,2,2,2
2,2,1,2,2,2,2,2,2,2,2,2
2,2,1,2,2,2,2,2,2,2,2,2
2,2,1,2,2,2,2,2,2,2,2,2
2,2,1,2,2,2,2,2,2,2,2,2
2,2,1,2,2,2,2,2,2,2,2,2
2,2,1,2,2,2,2,2,2,2,2,2
2,2,1,2,2,2,2,2,2,2,2,2
2,2,1,2,2,2,2,2,2,2,2,2
2,2,1,2,2,2,2,2,2,2,2,2
2,2,1,2,2,2,2,2,2,2,2,2
2,2,1,2,2,2,2,2,2,2,2,2
2,2,1,2,2,2,2,2,2,2,2,2
2,2,1,2,2,2,2,2,2,2,2,2
2,2,1,2,2,2,2,2,2,2,2,2
2,2,1,2,2,2,2,2,2,2,2,2
2,2,1,2,2,2,2,2,2,2,2,2
2,2,1,2,2,2,2,2,2,2,2,2
2,2,1,2,2,2,2,2,2,2,2,2
2,2,1,2,2,2,2,2,2,2,2,2
2,2,1,2,2,2,2,2,2,2,2,2
2,2,1,2,2,2,2,2,2,2,2,2
2,2,1,2,2,2,2,2,2,2,2,2
2,2,1,2,2,2,2,2,2,2,2,2
2,2,1,2,2,2,2,2,2,2,2,2
2,2,1,2,2,2,2,2,2,2,2,2
2,2,1,2,2,2,2,2,2,2,2,2
2,2,1,2,2,2,2,2,2,2,2,2
2,2,1,2,2,2,2,2,2,2,2,2
2,2,1,2,2,2,2,2,2,2,2,2
2,2,1,2,2,2,2,2,2,2,2,2
2,2,1,2,2,2,2,2,2,2,2,2
2,2,1,2,2,2,2,2,2,2,2,2
2,2,1,2,2,2,2,2,2,2,2,2
2,2,1,2,2,2,2,2,2,2,2,2
2,2,1,2,2,2,2,2,2,2,2,2
2,2,1,2,2,2,2,2,2,2,2,2
2,2,1,2,2,2,2,2,2,2,2,2
2,2,1,2,2,2,2,2,2,2,2,2
2,2,1,2,2,2,2,2,2,2,2,2
2,2,1,2,2,2,2,2,2,2,2,2
2,2,1,2,2,2,2,2,2,2,2,2
2,2,1,2,2,2,2,2,2,2,2,2
2,2,1,2,2,2,2,2,2,2,2,2
2,2,1,2,2,2,2,2,2,2,2,2
2,2,1,2,2,2,2,2,2,2,2,2
2,2,1,2,2,2,2,2,2,2,2,2
2,2,1,2,2,2,2,2,2,2,2,2
2,2,1,2,2,2,2,2,2,2,2,2
2,2,1,2,2,2,2,2,2,2,2,2
2,2,1,2,2,2,2,2,2,2,2,2
2,2,1,2,2,2,2,2,2,2,2,2
2,2,1,2,2,2,2,2,2,2,2,2
2,2,1,2,2,2,2,2,2,2,2,2
2,2,1,2,2,2,2,2,2,2,2,2
2,2,1,2,2,2,2,2,2,2,2,2
2,2,1,2,2,2,2,2,2,2,2,2
2,2,1,2,2,2,2,2,2,2,2,2
2,2,1,2,2,2,2,2,2,2,2,2
2,2,1,2,2,2,2,2,2,2,2,2
2,2,1,2,2,2,2,2,2,2,2,2
2,2,1,2,2,2,2,2,2,2,2,2
2,2,1,2,2,2,2,2,2,2,2,2
2,2,1,2,2,2,2,2,2,2,2,2
2,2,1,2,2,2,2,2,2,2,2,2
2,2,1,2,2,2,2,2,2,2,2,2
2,2,1,2,2,2,2,2,2,2,2,2
2,2,1,2,2,2,2,2,2,2,2,2
2,2,1,2,2,2,2,2,2,2,2,2
2,2,1,2,2,2,2,2,2,2,2,2
2,2,1,2,2,2,2,2,2,2,2,2
2,2,1,2,2,2,2,2,2,2,2,2
2,2,1,2,2,2,2,2,2,2,2,2
2,2,1,2,2,2,2,2,2,2,2,2
2,2,1,2,2,2,2,2,2,2,2,2
2,2,1,2,2,2,2,2,2,2,2,2
2,2,1,2,2,2,2,2,2,2,2,2
2,2,1,2,2,2,2,2,2,2,2,2
2,2,1,2,2,2,2,2,2,2,2,2
2,2,1,2,2,2,2,2,2,2,2,2
2,2,1,2,2,2,2,2,2,2,2,2
2,2,1,2,2,2,2,2,2,2,2,2
2,2,1,2,2,2,2,2,2,2,2,2
2,2,1,2,2,2,2,2,2,2,2,2
2,2,1,2,2,2,2,2,2,2,2,2
2,2,1,2,2,2,2,2,2,2,2,2
2,2,1,2,2,2,2,2,2,2,2,2
2,2,1,2,2,2,2,2,2,2,2,2
2,2,1,2,2,2,2,2,2,2,2,2
2,2,1,2,2,2,2,2,2,2,2,2
2,2,1,2,2,2,2,2,2,2,2,2
2,2,1,2,2,2,2,2,2,2,2,2
2,2,1,2,2,2,2,2,2,2,2,2
2,2,1,2,2,2,2,2,2,2,2,2
2,2,1,2,2,2,2,2,2,2,2,2
2,2,1,2,2,2,2,2,2,2,2,2
2,2,2,2,2,2,2,2,2,2,2,2
2,2,2,2,2,2,2,2,2,2,2,2
2,2,2,2,2,2,2,2,2,2,2,2
2,2,2,2,2,2,2,2,2,2,2,2
2,2,2,2,2,2,2,2,2,2,2,2
2,2,2,2,2,2,2,2,2,2,2,2
2,2,2,2,2,2,2,2,2,2,2,2
2,2,2,2,2,2,2,2,2,2,2,2
2,2,2,2,2,2,2,2,2,2,2,2
2,2,2,2,2,2,2,2,2,2,2,2
2,2,2,2,2,2,2,2,2,2,2,2
2,2,2,2,2,2,2,2,2,2,2,2
2,2,2,2,2,2,2,2,2,2,2,2
2,2,2,2,2,2,2,2,2,2,2,2
2,2,2,2,2,2,2,2,2,2,2,2
2,2,2,2,2,2,2,2,2,2,2,2
2,2,2,2,2,2,2,2,2,2,2,2
2,2,2,2,2,2,2,2,2,2,2,2
2,2,2,2,2,2,2,2,2,2,2,2
2,2,2,2,2,2,2,2,2,2,2,2
2,2,2,2,2,2,2,2,2,2,2,2
2,2,2,2,2,2,2,2,2,2,2,2
2,2,2,2,2,2,2,2,2,2,2,2
2,2,2,2,2,2,2,2,2,2,2,2
2,2,2,2,2,2,2,2,2,2,2,2
2,2,2,2,2,2,2,2,2,2,2,2
2,2,2,2,2,2,2,2,2,2,2,2
2,2,2,2,2,2,2,2,2,2,2,2
2,2,2,2,2,2,2,2,2,2,2,2
2,2,2,2,2,2,2,2,2,2,2,2
2,2,2,2,2,2,2,2,2,2,2,2
2,2,2,2,2,2,2,2,2,2,2,2
2,2,2,2,2,2,2,2,2,2,2,2
2,2,2,2,2,2,2,2,2,2,2,2
2,2,2,2,2,2,2,2,2,2,2,2
2,2,2,2,2,2,2,2,2,2,2,2
2,2,2,2,2,2,2,2,2,2,2,2
2,2,2,2,2,2,2,2,2,2,2,2
2,2,2,2,2,2,2,2,2,2,2,2
2,2,2,2,2,2,2,2,2,2,2,2
2,2,2,2,2,2,2,2,2,2,2,2
2,2,2,2,2,2,2,2,2,2,2,2
2,2,2,2,2,2,2,2,2,2,2,2
2,2,2,2,2,2,2,2,2,2,2,2
2,2,2,2,2,2,2,2,2,2,2,2
2,2,2,2,2,2,2,2,2,2,2,2
2,2,2,2,2,2,2,2,2,2,2,2
2,2,2,2,2,2,2,2,2,2,2,2
2,2,2,2,2,2,2,2,2,2,2,2
2,2,2,2,2,2,2,2,2,2,2,2
2,2,2,2,2,2,2,2,2,2,2,2
2,2,2,2,2,2,2,2,2,2,2,2
2,2,2,2,2,2,2,2,2,2,2,2
2,2,2,2,2,2,2,2,2,2,2,2
2,2,2,2,2,2,2,2,2,2,2,2
2,2,2,2,2,2,2,2,2,2,2,2
2,2,2,2,2,2,2,2,2,2,2,2
2,2,2,2,2,2,2,2,2,2,2,2
2,2,2,2,2,2,2,2,2,2,2,2
2,2,2,2,2,2,2,2,2,2,2,2
2,2,2,2,2,2,2,2,2,2,2,2
2,2,2,2,2,2,2,2,2,2,2,2
2,2,2,2,2,2,2,2,2,2,2,2
2,2,2,2,2,2,2,2,2,2,2,2
2,2,2,2,2,2,2,2,2,2,2,2
2,2,2,2,2,2,2,2,2,2,2,2
2,2,2,2,2,2,2,2,2,2,2,2
2,2,2,2,2,2,2,2,2,2,2,2
2,2,2,2,2,2,2,2,2,2,2,2
2,2,2,2,2,2,2,2,2,2,2,2
2,2,2,2,2,2,2,2,2,2,2,2
2,2,2,2,2,2,2,2,2,2,2,2
2,2,2,2,2,2,2,2,2,2,2,2
2,2,2,2,2,2,2,2,2,2,2,2
2,2,2,2,2,2,2,2,2,2,2,2
2,2,2,2,2,2,2,2,2,2,2,2
2,2,2,2,2,2,2,2,2,2,2,2
2,2,2,2,2,2,2,2,2,2,2,2
2,2,2,2,2,2,2,2,2,2,2,2
2,2,2,2,2,2,2,2,2,2,2,2
2,2,2,2,2,2,2,2,2,2,2,2
2,2,2,2,2,2,2,2,2,2,2,2
2,2,2,2,2,2,2,2,2,2,2,2
2,2,2,2,2,2,2,2,2,2,2,2
2,2,2,2,2,2,2,2,2,2,2,2
2,2,2,2,2,2,2,2,2,2,2,2
2,2,2,2,2,2,2,2,2,2,2,2
2,2,2,2,2,2,2,2,2,2,2,2
2,2,2,2,2,2,2,2,2,2,2,2
2,2,2,2,2,2,2,2,2,2,2,2
2,2,2,2,2,2,2,2,2,2,2,2
2,2,2,2,2,2,2,2,2,2,2,2
2,2,2,2,2,2,2,2,2,2,2,2
2,2,2,2,2,2,2,2,2,2,2,2
2,2,2,2,2,2,2,2,2,2,2,2
2,2,2,2,2,2,2,2,2,2,2,2
2,2,2,2,2,2,2,2,2,2,2,2
2,2,2,2,2,2,2,2,2,2,2,2
2,2,2,2,2,2,2,2,2,2,2,2
2,2,2,2,2,2,2,2,2,2,2,2
2,2,2,2,2,2,2,2,2,2,2,2
2,2,2,2,2,2,2,2,2,2,2,2
2,2,2,2,2,2,2,2,2,2,2,2
2,2,2,2,2,2,2,2,2,2,2,2
2,2,2,2,2,2,2,2,2,2,2,2
2,2,2,2,2,2,2,2,2,2,2,2
2,2,2,2,2,2,2,2,2,2,2,2
2,2,2,2,2,2,2,2,2,2,2,2
2,2,2,2,2,2,2,2,2,2,2,2
2,2,2,2,2,2,2,2,2,2,2,2
2,2,2,2,2,2,2,2,2,2,2,2
2,2,2,2,2,2,2,2,2,2,2,2
2,2,2,2,2,2,2,2,2,2,2,2
2,2,2,2,2,2,2,2,2,2,2,2
2,2,2,2,2,2,2,2,2,2,2,2
2,2,2,2,2,2,2,2,2,2,2,2
2,2,2,2,2,2,2,2,2,2,2,2
2,2,2,2,2,2,2,2,2,2,2,2
2,2,2,2,2,2,2,2,2,2,2,2
2,2,2,2,2,2,2,2,2,2,2,2
2,2,2,2,2,2,2,2,2,2,2,2
2,2,2,2,2,2,2,2,2,2,2,2
2,2,2,2,2,2,2,2,2,2,2,2
2,2,2,2,2,2,2,2,2,2,2,2
2,2,2,2,2,2,2,2,2,2,2,2
2,2,2,2,2,2,2,2,2,2,2,2
2,2,2,2,2,2,2,2,2,2,2,2
2,2,2,2,2,2,2,2,2,2,2,2
2,2,2,2,2,2,2,2,2,2,2,2
2,2,2,2,2,2,2,2,2,2,2,2
2,2,2,2,2,2,2,2,2,2,2,2
2,2,2,2,2,2,2,2,2,2,2,2
2,2,2,2,2,2,2,2,2,2,2,2
2,2,2,2,2,2,2,2,2,2,2,2
2,2,2,2,2,2,2,2,2,2,2,2
2,2,2,2,2,2,2,2,2,2,2,2
2,2,2,2,2,2,2,2,2,2,2,2
2,2,2,2,2,2,2,2,2,2,2,2
2,2,2,2,2,2,2,2,2,2,2,2
2,2,2,2,2,2,2,2,2,2,2,2
2,2,2,2,2,2,2,2,2,2,2,2
2,2,2,2,2,2,2,2,2,2,2,2
2,2,2,2,2,2,2,2,2,2,2,2
2,2,2,2,2,2,2,2,2,2,2,2
2,2,2,2,2,2,2,2,2,2,2,2
2,2,2,2,2,2,2,2,2,2,2,2
2,2,2,2,2,2,2,2,2,2,2,2
2,2,2,2,2,2,2,2,2,2,2,2
2,2,2,2,2,2,2,2,2,2,2,2
2,2,2,2,2,2,2,2,2,2,2,2
2,2,2,2,2,2,2,2,2,2,2,2
2,2,2,2,2,2,2,2,2,2,2,2
2,2,2,2,2,2,2,2,2,2,2,2
2,2,2,2,2,2,2,2,2,2,2,2
2,2,2,2,2,2,2,2,2,2,2,2
2,2,2,2,2,2,2,2,2,2,2,2
2,2,2,2,2,2,2,2,2,2,2,2
2,2,2,2,2,2,2,2,2,2,2,2
2,2,2,2,2,2,2,2,2,2,2,2
2,2,2,2,2,2,2,2,2,2,2,2
2,2,2,2,2,2,2,2,2,2,2,2
2,2,2,2,2,2,2,2,2,2,2,2
2,2,2,2,2,2,2,2,2,2,2,2
2,2,2,2,2,2,2,2,2,2,2,2
2,2,2,2,2,2,2,2,2,2,2,2
2,2,2,2,2,2,2,2,2,2,2,2
2,2,2,2,2,2,2,2,2,2,2,2
2,2,2,2,2,2,2,2,2,2,2,2
2,2,2,2,2,2,2,2,2,2,2,2
2,2,2,2,2,2,2,2,2,2,2,2
2,2,2,2,2,2,2,2,2,2,2,2
2,2,2,2,2,2,2,2,2,2,2,2
2,2,2,2,2,2,2,2,2,2,2,2
2,2,2,2,2,2,2,2,2,2,2,2
2,2,2,2,2,2,2,2,2,2,2,2
2,2,2,2,2,2,2,2,2,2,2,2
2,2,2,2,2,2,2,2,2,2,2,2
2,2,2,2,2,2,2,2,2,2,2,2
2,2,2,2,2,2,2,2,2,2,2,2
2,2,2,2,2,2,2,2,2,2,2,2
2,2,2,2,2,2,2,2,2,2,2,2
2,2,2,2,2,2,2,2,2,2,2,2
2,2,2,2,2,2,2,2,2,2,2,2
2,2,2,2,2,2,2,2,2,2,2,2
2,2,2,2,2,2,2,2,2,2,2,2
2,2,2,2,2,2,2,2,2,2,2,2
2,2,2,2,2,2,2,2,2,2,2,2
2,2,2,2,2,2,2,2,2,2,2,2
2,2,2,2,2,2,2,2,2,2,2,2
2,2,2,2,2,2,2,2,2,2,2,2
2,2,2,2,2,2,2,2,2,2,2,2
2,2,2,2,2,2,2,2,2,2,2,2
2,2,2,2,2,2,2,2,2,2,2,2
2,2,2,2,2,2,2,2,2,2,2,2
2,2,2,2,2,2,2,2,2,2,2,2
2,2,2,2,2,2,2,2,2,2,2,2
2,2,2,2,2,2,2,2,2,2,2,2
2,2,2,2,2,2,2,2,2,2,2,2
2,2,2,2,2,2,2,2,2,2,2,2
2,2,2,2,2,2,2,2,2,2,2,2
2,2,2,2,2,2,2,2,2,2,2,2
2,2,2,2,2,2,2,2,2,2,2,2
2,2,2,2,2,2,2,2,2,2,2,2
2,2,2,2,2,2,2,2,2,2,2,2
2,2,2,2,2,2,2,2,2,2,2,2
2,2,2,2,2,2,2,2,2,2,2,2
2,2,2,2,2,2,2,2,2,2,2,2
2,2,2,2,2,2,2,2,2,2,2,2
2,2,2,2,2,2,2,2,2,2,2,2
2,2,2,2,2,2,2,2,2,2,2,2
2,2,2,2,2,2,2,2,2,2,2,2
2,2,2,2,2,2,2,2,2,2,2,2
2,2,2,2,2,2,2,2,2,2,2,2
2,2,2,2,2,2,2,2,2,2,2,2
2,2,2,2,2,2,2,2,2,2,2,2
2,2,2,2,2,2,2,2,2,2,2,2
2,2,2,2,2,2,2,2,2,2,2,2
2,2,2,2,2,2,2,2,2,2,2,2
2,2,2,2,2,2,2,2,2,2,2,2
2,2,2,2,2,2,2,2,2,2,2,2
2,2,2,2,2,2,2,2,2,2,2,2
2,2,2,2,2,2,2,2,2,2,2,2
2,2,2,2,2,2,2,2,2,2,2,2
2,2,2,2,2,2,2,2,2,2,2,2
2,2,2,2,2,2,2,2,2,2,2,2
2,2,2,2,2,2,2,2,2,2,2,2
2,2,2,2,2,2,2,2,2,2,2,2
2,2,2,2,2,2,2,2,2,2,2,2
2,2,2,2,2,2,2,2,2,2,2,2
2,2,2,2,2,2,2,2,2,2,2,2
2,2,2,2,2,2,2,2,2,2,2,2
2,2,2,2,2,2,2,2,2,2,2,2
2,2,2,2,2,2,2,2,2,2,2,2
2,2,2,2,2,2,2,2,2,2,2,2
2,2,2,2,2,2,2,2,2,2,2,2
2,2,2,2,2,2,2,2,2,2,2,2
2,2,2,2,2,2,2,2,2,2,2,2
2,2,2,2,2,2,2,2,2,2,2,2
2,2,2,2,2,2,2,2,2,2,2,2
2,2,2,2,2,2,2,2,2,2,2,2
2,2,2,2,2,2,2,2,2,2,2,2
2,2,2,2,2,2,2,2,2,2,2,2
2,2,2,2,2,2,2,2,2,2,2,2
2,2,2,2,2,2,2,2,2,2,2,2
2,2,2,2,2,2,2,2,2,2,2,2
2,2,2,2,2,2,2,2,2,2,2,2
2,2,2,2,2,2,2,2,2,2,2,2
2,2,2,2,2,2,2,2,2,2,2,2
2,2,2,2,2,2,2,2,2,2,2,2
2,2,2,2,2,2,2,2,2,2,2,2
2,2,2,2,2,2,2,2,2,2,2,2
2,2,2,2,2,2,2,2,2,2,2,2
2,2,2,2,2,2,2,2,2,2,2,2
2,2,2,2,2,2,2,2,2,2,2,2
2,2,2,2,2,2,2,2,2,2,2,2
2,2,2,2,2,2,2,2,2,2,2,2
2,2,2,2,2,2,2,2,2,2,2,2
2,2,2,2,2,2,2,2,2,2,2,2
2,2,2,2,2,2,2,2,2,2,2,2
2,2,2,2,2,2,2,2,2,2,2,2
2,2,2,2,2,2,2,2,2,2,2,2
2,2,2,2,2,2,2,2,2,2,2,2
2,2,2,2,2,2,2,2,2,2,2,2
2,2,2,2,2,2,2,2,2,2,2,2
2,2,2,2,2,2,2,2,2,2,2,2
2,2,2,2,2,2,2,2,2,2,2,2
2,2,2,2,2,2,2,2,2,2,2,2
2,2,2,2,2,2,2,2,2,2,2,2
2,2,2,2,2,2,2,2,2,2,2,2
2,2,2,2,2,2,2,2,2,2,2,2
2,2,2,2,2,2,2,2,2,2,2,2
2,2,2,2,2,2,2,2,2,2,2,2
2,2,2,2,2,2,2,2,2,2,2,2
2,2,2,2,2,2,2,2,2,2,2,2
2,2,2,2,2,2,2,2,2,2,2,2
2,2,2,2,2,2,2,2,2,2,2,2
2,2,2,2,2,2,2,2,2,2,2,2
2,2,2,2,2,2,2,2,2,2,2,2
2,2,2,2,2,2,2,2,2,2,2,2
2,2,2,2,2,2,2,2,2,2,2,2
2,2,2,2,2,2,2,2,2,2,2,2
2,2,2,2,2,2,2,2,2,2,2,2
2,2,2,2,2,2,2,2,2,2,2,2
2,2,2,2,2,2,2,2,2,2,2,2
2,2,2,2,2,2,2,2,2,2,2,2
2,2,2,2,2,2,2,2,2,2,2,2
2,2,2,2,2,2,2,2,2,2,2,2
2,2,2,2,2,2,2,2,2,2,2,2
2,2,2,2,2,2,2,2,2,2,2,2
2,2,2,2,2,2,2,2,2,2,2,2
2,2,2,2,2,2,2,2,2,2,2,2
2,2,2,2,2,2,2,2,2,2,2,2
2,2,2,2,2,2,2,2,2,2,2,2
2,2,2,2,2,2,2,2,2,2,2,2
2,2,2,2,2,2,2,2,2,2,2,2
2,2,2,2,2,2,2,2,2,2,2,2
2,2,2,2,2,2,2,2,2,2,2,2
2,2,2,2,2,2,2,2,2,2,2,2
2,2,2,2,2,2,2,2,2,2,2,2
2,2,2,2,2,2,2,2,2,2,2,2
2,2,2,2,2,2,2,2,2,2,2,2
2,2,2,2,2,2,2,2,2,2,2,2
2,2,2,2,2,2,2,2,2,2,2,2
2,2,2,2,2,2,2,2,2,2,2,2
2,2,2,2,2,2,2,2,2,2,2,2
2,2,2,2,2,2,2,2,2,2,2,2
2,2,2,2,2,2,2,2,2,2,2,2
2,2,2,2,2,2,2,2,2,2,2,2
2,2,2,2,2,2,2,2,2,2,2,2
2,2,2,2,2,2,2,2,2,2,2,2
2,2,2,2,2,2,2,2,2,2,2,2
2,2,2,2,2,2,2,2,2,2,2,2
2,2,2,2,2,2,2,2,2,2,2,2
2,2,2,2,2,2,2,2,2,2,2,2
2,2,2,2,2,2,2,2,2,2,2,2
2,2,2,2,2,2,2,2,2,2,2,2
2,2,2,2,2,2,2,2,2,2,2,2
2,2,2,2,2,2,2,2,2,2,2,2
2,2,2,2,2,2,2,2,2,2,2,2
2,2,2,2,2,2,2,2,2,2,2,2
2,2,2,2,2,2,2,2,2,2,2,2
2,2,2,2,2,2,2,2,2,2,2,2
2,2,2,2,2,2,2,2,2,2,2,2
2,2,2,2,2,2,2,2,2,2,2,2
2,2,2,2,2,2,2,2,2,2,2,2
2,2,2,2,2,2,2,2,2,2,2,2
2,2,2,2,2,2,2,2,2,2,2,2
2,2,2,2,2,2,2,2,2,2,2,2
2,2,2,2,2,2,2,2,2,2,2,2
2,2,2,2,2,2,2,2,2,2,2,2
2,2,2,2,2,2,2,2,2,2,2,2
2,2,2,2,2,2,2,2,2,2,2,2
2,2,2,2,2,2,2,2,2,2,2,2
2,2,2,2,2,2,2,2,2,2,2,2
2,2,2,2,2,2,2,2,2,2,2,2
2,2,2,2,2,2,2,2,2,2,2,2
2,2,2,2,2,2,2,2,2,2,2,2
2,2,2,2,2,2,2,2,2,2,2,2
2,2,2,2,2,2,2,2,2,2,2,2
2,2,2,2,2,2,2,2,2,2,2,2
2,2,2,2,2,2,2,2,2,2,2,2
2,2,2,2,2,2,2,2,2,2,2,2
2,2,2,2,2,2,2,2,2,2,2,2
2,2,2,2,2,2,2,2,2,2,2,2
2,2,2,2,2,2,2,2,2,2,2,2
2,2,2,2,2,2,2,2,2,2,2,2
2,2,2,2,2,2,2,2,2,2,2,2
2,2,2,2,2,2,2,2,2,2,2,2
2,2,2,2,2,2,2,2,2,2,2,2
2,2,2,2,2,2,2,2,2,2,2,2
2,2,2,2,2,2,2,2,2,2,2,2
2,2,2,2,2,2,2,2,2,2,2,2
2,2,2,2,2,2,2,2,2,2,2,2
2,2,2,2,2,2,2,2,2,2,2,2
2,2,2,2,2,2,2,2,2,2,2,2
2,2,2,2,2,2,2,2,2,2,2,2
2,2,2,2,2,2,2,2,2,2,2,2
2,2,2,2,2,2,2,2,2,2,2,2
2,2,2,2,2,2,2,2,2,2,2,2
2,2,2,2,2,2,2,2,2,2,2,2
2,2,2,2,2,2,2,2,2,2,2,2
2,2,2,2,2,2,2,2,2,2,2,2
2,2,2,2,2,2,2,2,2,2,2,2
2,2,2,2,2,2,2,2,2,2,2,2
2,2,2,2,2,2,2,2,2,2,2,2
2,2,2,2,2,2,2,2,2,2,2,2
2,2,2,2,2,2,2,2,2,2,2,2
2,2,2,2,2,2,2,2,2,2,2,2
2,2,2,2,2,2,2,2,2,2,2,2
2,2,2,2,2,2,2,2,2,2,2,2
2,2,2,2,2,2,2,2,2,2,2,2
2,2,2,2,2,2,2,2,2,2,2,2
2,2,2,2,2,2,2,2,2,2,2,2
2,2,2,2,2,2,2,2,2,2,2,2
2,2,2,2,2,2,2,2,2,2,2,2
2,2,2,2,2,2,2,2,2,2,2,2
2,2,2,2,2,2,2,2,2,2,2,2
2,2,2,2,2,2,2,2,2,2,2,2
2,2,2,2,2,2,2,2,2,2,2,2
2,2,2,2,2,2,2,2,2,2,2,2
2,2,2,2,2,2,2,2,2,2,2,2
2,2,2,2,2,2,2,2,2,2,2,2
2,2,2,2,2,2,2,2,2,2,2,2
2,2,2,2,2,2,2,2,2,2,2,2
2,2,2,2,2,2,2,2,2,2,2,2
2,2,2,2,2,2,2,2,2,2,2,2
2,2,2,2,2,2,2,2,2,2,2,2
2,2,2,2,2,2,2,2,2,2,2,2
2,2,2,2,2,2,2,2,2,2,2,2
2,2,2,2,2,2,2,2,2,2,2,2
2,2,2,2,2,2,2,2,2,2,2,2
2,2,2,2,2,2,2,2,2,2,2,2
2,2,2,2,2,2,2,2,2,2,2,2
2,2,2,2,2,2,2,2,2,2,2,2
2,2,2,2,2,2,2,2,2,2,2,2
2,2,2,2,2,2,2,2,2,2,2,2
2,2,2,2,2,2,2,2,2,2,2,2
2,2,2,2,2,2,2,2,2,2,2,2
2,2,2,2,2,2,2,2,2,2,2,2
2,2,2,2,2,2,2,2,2,2,2,2
2,2,2,2,2,2,2,2,2,2,2,2
2,2,2,2,2,2,2,2,2,2,2,2
2,2,2,2,2,2,2,2,2,2,2,2
2,2,2,2,2,2,2,2,2,2,2,2
2,2,2,2,2,2,2,2,2,2,2,2
2,2,2,2,2,2,2,2,2,2,2,2
2,2,2,2,2,2,2,2,2,2,2,2
2,2,2,2,2,2,2,2,2,2,2,2
2,2,2,2,2,2,2,2,2,2,2,2
2,2,2,2,2,2,2,2,2,2,2,2
2,2,2,2,2,2,2,2,2,2,2,2
2,2,2,2,2,2,2,2,2,2,2,2
2,2,2,2,2,2,2,2,2,2,2,2
2,2,2,2,2,2,2,2,2,2,2,2
2,2,2,2,2,2,2,2,2,2,2,2
2,2,2,2,2,2,2,2,2,2,2,2
2,2,2,2,2,2,2,2,2,2,2,2
2,2,2,2,2,2,2,2,2,2,2,2
2,2,2,2,2,2,2,2,2,2,2,2
2,2,2,2,2,2,2,2,2,2,2,2
2,2,2,2,2,2,2,2,2,2,2,2
2,2,2,2,2,2,2,2,2,2,2,2
2,2,2,2,2,2,2,2,2,2,2,2
2,2,2,2,2,2,2,2,2,2,2,2
2,2,2,2,2,2,2,2,2,2,2,2
2,2,2,2,2,2,2,2,2,2,2,2
2,2,2,2,2,2,2,2,2,2,2,2
2,2,2,2,2,2,2,2,2,2,2,2
2,2,2,2,2,2,2,2,2,2,2,2
2,2,2,2,2,2,2,2,2,2,2,2
2,2,2,2,2,2,2,2,2,2,2,2
2,2,2,2,2,2,2,2,2,2,2,2
2,2,2,2,2,2,2,2,2,2,2,2
2,2,2,2,2,2,2,2,2,2,2,2
2,2,2,2,2,2,2,2,2,2,2,2
2,2,2,2,2,2,2,2,2,2,2,2
2,2,2,2,2,2,2,2,2,2,2,2
2,2,2,2,2,2,2,2,2,2,2,2
2,2,2,2,2,2,2,2,2,2,2,2
2,2,2,2,2,2,2,2,2,2,2,2
2,2,2,2,2,2,2,2,2,2,2,2
2,2,2,2,2,2,2,2,2,2,2,2
2,2,2,2,2,2,2,2,2,2,2,2
2,2,2,2,2,2,2,2,2,2,2,2
2,2,2,2,2,2,2,2,2,2,2,2
2,2,2,2,2,2,2,2,2,2,2,2
2,2,2,2,2,2,2,2,2,2,2,2
2,2,2,2,2,2,2,2,2,2,2,2
2,2,2,2,2,2,2,2,2,2,2,2
2,2,2,2,2,2,2,2,2,2,2,2
2,2,2,2,2,2,2,2,2,2,2,2
2,2,2,2,2,2,2,2,2,2,2,2
2,2,2,2,2,2,2,2,2,2,2,2
2,2,2,2,2,2,2,2,2,2,2,2
2,2,2,2,2,2,2,2,2,2,2,2
2,2,2,2,2,2,2,2,2,2,2,2
2,2,2,2,2,2,2,2,2,2,2,2
2,2,2,2,2,2,2,2,2,2,2,2
2,2,2,2,2,2,2,2,2,2,2,2
2,2,2,2,2,2,2,2,2,2,2,2
2,2,2,2,2,2,2,2,2,2,2,2
2,2,2,2,2,2,2,2,2,2,2,2
2,2,2,2,2,2,2,2,2,2,2,2
2,2,2,2,2,2,2,2,2,2,2,2
2,2,2,2,2,2,2,2,2,2,2,2
2,2,2,2,2,2,2,2,2,2,2,2
2,2,2,2,2,2,2,2,2,2,2,2
2,2,2,2,2,2,2,2,2,2,2,2
2,2,2,2,2,2,2,2,2,2,2,2
2,2,2,2,2,2,2,2,2,2,2,2
2,2,2,2,2,2,2,2,2,2,2,2
2,2,2,2,2,2,2,2,2,2,2,2
2,2,2,2,2,2,2,2,2,2,2,2
2,2,2,2,2,2,2,2,2,2,2,2
2,2,2,2,2,2,2,2,2,2,2,2
2,2,2,2,2,2,2,2,2,2,2,2
2,2,2,2,2,2,2,2,2,2,2,2
2,2,2,2,2,2,2,2,2,2,2,2
2,2,2,2,2,2,2,2,2,2,2,2
2,2,2,2,2,2,2,2,2,2,2,2
2,2,2,2,2,2,2,2,2,2,2,2
2,2,2,2,2,2,2,2,2,2,2,2
2,2,2,2,2,2,2,2,2,2,2,2
2,2,2,2,2,2,2,2,2,2,2,2
2,2,2,2,2,2,2,2,2,2,2,2
2,2,2,2,2,2,2,2,2,2,2,2
2,2,2,2,2,2,2,2,2,2,2,2
2,2,2,2,2,2,2,2,2,2,2,2
2,2,2,2,2,2,2,2,2,2,2,2
2,2,2,2,2,2,2,2,2,2,2,2
2,2,2,2,2,2,2,2,2,2,2,2
2,2,2,2,2,2,2,2,2,2,2,2
2,2,2,2,2,2,2,2,2,2,2,2
2,2,2,2,2,2,2,2,2,2,2,2
2,2,2,2,2,2,2,2,2,2,2,2
2,2,2,2,2,2,2,2,2,2,2,2
2,2,2,2,2,2,2,2,2,2,2,2
2,2,2,2,2,2,2,2,2,2,2,2
2,2,2,2,2,2,2,2,2,2,2,2
2,2,2,2,2,2,2,2,2,2,2,2
2,2,2,2,2,2,2,2,2,2,2,2
2,2,2,2,2,2,2,2,2,2,2,2
2,2,2,2,2,2,2,2,2,2,2,2
2,2,2,2,2,2,2,2,2,2,2,2
2,2,2,2,2,2,2,2,2,2,2,2
2,2,2,2,2,2,2,2,2,2,2,2
2,2,2,2,2,2,2,2,2,2,2,2
2,2,2,2,2,2,2,2,2,2,2,2
2,2,2,2,2,2,2,2,2,2,2,2
2,2,2,2,2,2,2,2,2,2,2,2
2,2,2,2,2,2,2,2,2,2,2,2
2,2,2,2,2,2,2,2,2,2,2,2
2,2,2,2,2,2,2,2,2,2,2,2
2,2,2,2,2,2,2,2,2,2,2,2
2,2,2,2,2,2,2,2,2,2,2,2
2,2,2,2,2,2,2,2,2,2,2,2
2,2,2,2,2,2,2,2,2,2,2,2
2,2,2,2,2,2,2,2,2,2,2,2
2,2,2,2,2,2,2,2,2,2,2,2
2,2,2,2,2,2,2,2,2,2,2,2
2,2,2,2,2,2,2,2,2,2,2,2
2,2,2,2,2,2,2,2,2,2,2,2
2,2,2,2,2,2,2,2,2,2,2,2
2,2,2,2,2,2,2,2,2,2,2,2
2,2,2,2,2,2,2,2,2,2,2,2
2,2,2,2,2,2,2,2,2,2,2,2
2,2,2,2,2,2,2,2,2,2,2,2
2,2,2,2,2,2,2,2,2,2,2,2
2,2,2,2,2,2,2,2,2,2,2,2
2,2,2,2,2,2,2,2,2,2,2,2
2,2,2,2,2,2,2,2,2,2,2,2
2,2,2,2,2,2,2,2,2,2,2,2
2,2,2,2,2,2,2,2,2,2,2,2
2,2,2,2,2,2,2,2,2,2,2,2
2,2,2,2,2,2,2,2,2,2,2,2
2,2,2,2,2,2,2,2,2,2,2,2
2,2,2,2,2,2,2,2,2,2,2,2
2,2,2,2,2,2,2,2,2,2,2,2
2,2,2,2,2,2,2,2,2,2,2,2
2,2,2,2,2,2,2,2,2,2,2,2
2,2,2,2,2,2,2,2,2,2,2,2
2,2,2,2,2,2,2,2,2,2,2,2
2,2,2,2,2,2,2,2,2,2,2,2
2,2,2,2,2,2,2,2,2,2,2,2
2,2,2,2,2,2,2,2,2,2,2,2
2,2,2,2,2,2,2,2,2,2,2,2
2,2,2,2,2,2,2,2,2,2,2,2
2,2,2,2,2,2,2,2,2,2,2,2
2,2,2,2,2,2,2,2,2,2,2,2
2,2,2,2,2,2,2,2,2,2,2,2
2,2,2,2,2,2,2,2,2,2,2,2
2,2,2,2,2,2,2,2,2,2,2,2
2,2,2,2,2,2,2,2,2,2,2,2
2,2,2,2,2,2,2,2,2,2,2,2
2,2,2,2,2,2,2,2,2,2,2,2
2,2,2,2,2,2,2,2,2,2,2,2
2,2,2,2,2,2,2,2,2,2,2,2
2,2,2,2,2,2,2,2,2,2,2,2
2,2,2,2,2,2,2,2,2,2,2,2
2,2,2,2,2,2,2,2,2,2,2,2
2,2,2,2,2,2,2,2,2,2,2,2
2,2,2,2,2,2,2,2,2,2,2,2
2,2,2,2,2,2,2,2,2,2,2,2
2,2,2,2,2,2,2,2,2,2,2,2
2,2,2,2,2,2,2,2,2,2,2,2
2,2,2,2,2,2,2,2,2,2,2,2
2,2,2,2,2,2,2,2,2,2,2,2
2,2,2,2,2,2,2,2,2,2,2,2
2,2,2,2,2,2,2,2,2,2,2,2
2,2,2,2,2,2,2,2,2,2,2,2
2,2,2,2,2,2,2,2,2,2,2,2
2,2,2,2,2,2,2,2,2,2,2,2
2,2,2,2,2,2,2,2,2,2,2,2
2,2,2,2,2,2,2,2,2,2,2,2
2,2,2,2,2,2,2,2,2,2,2,2
2,2,2,2,2,2,2,2,2,2,2,2
2,2,2,2,2,2,2,2,2,2,2,2
2,2,2,2,2,2,2,2,2,2,2,2
2,2,2,2,2,2,2,2,2,2,2,2
2,2,2,2,2,2,2,2,2,2,2,2
2,2,2,2,2,2,2,2,2,2,2,2
2,2,2,2,2,2,2,2,2,2,2,2
2,2,2,2,2,2,2,2,2,2,2,2
2,2,2,2,2,2,2,2,2,2,2,2
2,2,2,2,2,2,2,2,2,2,2,2
2,2,2,2,2,2,2,2,2,2,2,2
2,2,2,2,2,2,2,2,2,2,2,2
2,2,2,2,2,2,2,2,2,2,2,2
2,2,2,2,2,2,2,2,2,2,2,2
2,2,2,2,2,2,2,2,2,2,2,2
2,2,2,2,2,2,2,2,2,2,2,2
2,2,2,2,2,2,2,2,2,2,2,2
2,2,2,2,2,2,2,2,2,2,2,2
2,2,2,2,2,2,2,2,2,2,2,2
2,2,2,2,2,2,2,2,2,2,2,2
2,2,2,2,2,2,2,2,2,2,2,2
2,2,2,2,2,2,2,2,2,2,2,2
2,2,2,2,2,2,2,2,2,2,2,2
2,2,2,2,2,2,2,2,2,2,2,2
2,2,2,2,2,2,2,2,2,2,2,2
2,2,2,2,2,2,2,2,2,2,2,2
2,2,2,2,2,2,2,2,2,2,2,2
2,2,2,2,2,2,2,2,2,2,2,2
2,2,2,2,2,2,2,2,2,2,2,2
2,2,2,2,2,2,2,2,2,2,2,2
2,2,2,2,2,2,2,2,2,2,2,2
2,2,2,2,2,2,2,2,2,2,2,2
2,2,2,2,2,2,2,2,2,2,2,2
2,2,2,2,2,2,2,2,2,2,2,2
2,2,2,2,2,2,2,2,2,2,2,2
2,2,2,2,2,2,2,2,2,2,2,2
2,2,2,2,2,2,2,2,2,2,2,2
2,2,2,2,2,2,2,2,2,2,2,2
2,2,2,2,2,2,2,2,2,2,2,2
2,2,2,2,2,2,2,2,2,2,2,2
2,2,2,2,2,2,2,2,2,2,2,2
2,2,2,2,2,2,2,2,2,2,2,2
2,2,2,2,2,2,2,2,2,2,2,2
2,2,2,2,2,2,2,2,2,2,2,2
2,2,2,2,2,2,2,2,2,2,2,2
2,2,2,2,2,2,2,2,2,2,2,2
2,2,2,2,2,2,2,2,2,2,2,2
2,2,2,2,2,2,2,2,2,2,2,2
2,2,2,2,2,2,2,2,2,2,2,2
2,2,2,2,2,2,2,2,2,2,2,2
2,2,2,2,2,2,2,2,2,2,2,2
2,2,2,2,2,2,2,2,2,2,2,2
2,2,2,2,2,2,2,2,2,2,2,2
2,2,2,2,2,2,2,2,2,2,2,2
2,2,2,2,2,2,2,2,2,2,2,2
2,2,2,2,2,2,2,2,2,2,2,2
2,2,2,2,2,2,2,2,2,2,2,2
2,2,2,2,2,2,2,2,2,2,2,2
2,2,2,2,2,2,2,2,2,2,2,2
2,2,2,2,2,2,2,2,2,2,2,2
2,2,2,2,2,2,2,2,2,2,2,2
2,2,2,2,2,2,2,2,2,2,2,2
2,2,2,2,2,2,2,2,2,2,2,2
2,2,2,2,2,2,2,2,2,2,2,2
2,2,2,2,2,2,2,2,2,2,2,2
2,2,2,2,2,2,2,2,2,2,2,2
2,2,2,2,2,2,2,2,2,2,2,2
2,2,2,2,2,2,2,2,2,2,2,2
2,2,2,2,2,2,2,2,2,2,2,2
2,2,2,2,2,2,2,2,2,2,2,2
2,2,2,2,2,2,2,2,2,2,2,2
2,2,2,2,2,2,2,2,2,2,2,2
2,2,2,2,2,2,2,2,2,2,2,2
2,2,2,2,2,2,2,2,2,2,2,2
2,2,2,2,2,2,2,2,2,2,2,2
2,2,2,2,2,2,2,2,2,2,2,2
2,2,2,2,2,2,2,2,2,2,2,2
